"Dátum","Érték"
"2000-01-04","254.47"
"2000-01-05","254.48"
"2000-01-06","254.59"
"2000-01-07","254.65"
"2000-01-10","254.68"
"2000-01-11","254.72"
"2000-01-12","254.69"
"2000-01-13","254.86"
"2000-01-14","254.84"
"2000-01-17","254.9"
"2000-01-18","254.91"
"2000-01-19","255.01"
"2000-01-20","255.09"
"2000-01-21","255.13"
"2000-01-24","255.11"
"2000-01-25","255.18"
"2000-01-26","255.16"
"2000-01-27","255.31"
"2000-01-28","255.25"
"2000-01-31","255.42"
"2000-02-01","255.44"
"2000-02-02","255.42"
"2000-02-03","255.51"
"2000-02-04","255.51"
"2000-02-07","255.53"
"2000-02-08","255.57"
"2000-02-09","255.64"
"2000-02-10","255.8"
"2000-02-11","255.76"
"2000-02-14","255.8"
"2000-02-15","255.83"
"2000-02-16","255.85"
"2000-02-17","256.02"
"2000-02-18","256.04"
"2000-02-21","256.77"
"2000-02-22","257.07"
"2000-02-23","257.74"
"2000-02-24","256.68"
"2000-02-25","256.91"
"2000-02-28","256.59"
"2000-02-29","256.75"
"2000-03-01","256.49"
"2000-03-02","256.44"
"2000-03-03","256.55"
"2000-03-06","256.55"
"2000-03-07","256.58"
"2000-03-08","256.57"
"2000-03-09","256.71"
"2000-03-10","257.03"
"2000-03-13","257.33"
"2000-03-14","257.66"
"2000-03-16","257.09"
"2000-03-17","257.06"
"2000-03-20","257"
"2000-03-21","257.06"
"2000-03-22","257.08"
"2000-03-23","257.2"
"2000-03-24","257.35"
"2000-03-27","257.38"
"2000-03-28","257.47"
"2000-03-29","257.74"
"2000-03-30","258.45"
"2000-03-31","258.33"
"2000-04-03","258.72"
"2000-04-04","259.3"
"2000-04-05","258.7"
"2000-04-06","259.1"
"2000-04-07","258.76"
"2000-04-10","258.8"
"2000-04-11","258.35"
"2000-04-12","258.18"
"2000-04-13","258.3"
"2000-04-14","257.85"
"2000-04-17","258.59"
"2000-04-18","258.56"
"2000-04-19","258.46"
"2000-04-20","258.2"
"2000-04-21","257.99"
"2000-04-25","258"
"2000-04-26","258.05"
"2000-04-27","258.18"
"2000-04-28","258.17"
"2000-05-02","258.33"
"2000-05-03","258.27"
"2000-05-04","258.3"
"2000-05-05","258.3"
"2000-05-08","258.35"
"2000-05-09","258.38"
"2000-05-10","258.35"
"2000-05-11","258.46"
"2000-05-12","258.53"
"2000-05-15","259.07"
"2000-05-16","258.97"
"2000-05-17","258.79"
"2000-05-18","258.88"
"2000-05-19","259.13"
"2000-05-22","259.4"
"2000-05-23","259.53"
"2000-05-24","259.95"
"2000-05-25","259.71"
"2000-05-26","259.92"
"2000-05-29","259.82"
"2000-05-30","259.64"
"2000-05-31","259.39"
"2000-06-01","259.3"
"2000-06-02","259.29"
"2000-06-05","259.16"
"2000-06-06","259.29"
"2000-06-07","259.46"
"2000-06-08","259.56"
"2000-06-09","259.6"
"2000-06-13","259.65"
"2000-06-14","259.62"
"2000-06-15","259.84"
"2000-06-16","259.73"
"2000-06-19","259.83"
"2000-06-20","259.8"
"2000-06-21","259.96"
"2000-06-22","259.84"
"2000-06-23","259.86"
"2000-06-26","259.9"
"2000-06-27","259.95"
"2000-06-28","260.07"
"2000-06-29","260.09"
"2000-06-30","260.12"
"2000-07-03","260.01"
"2000-07-04","259.95"
"2000-07-05","260.01"
"2000-07-06","260.23"
"2000-07-07","260.25"
"2000-07-10","260.17"
"2000-07-11","260.32"
"2000-07-12","260.16"
"2000-07-13","260.2"
"2000-07-14","260.16"
"2000-07-17","260.11"
"2000-07-18","260.17"
"2000-07-19","260.22"
"2000-07-20","260.24"
"2000-07-21","260.25"
"2000-07-24","260.32"
"2000-07-25","260.29"
"2000-07-26","260.31"
"2000-07-27","260.45"
"2000-07-28","260.45"
"2000-07-31","260.43"
"2000-08-01","260.46"
"2000-08-02","260.51"
"2000-08-03","260.57"
"2000-08-04","260.57"
"2000-08-07","260.6"
"2000-08-08","260.62"
"2000-08-09","260.65"
"2000-08-10","260.73"
"2000-08-11","260.81"
"2000-08-14","260.83"
"2000-08-15","260.83"
"2000-08-16","260.84"
"2000-08-17","260.92"
"2000-08-18","260.94"
"2000-08-21","260.95"
"2000-08-22","260.98"
"2000-08-23","261.01"
"2000-08-24","261.09"
"2000-08-25","261.11"
"2000-08-28","261.17"
"2000-08-29","261.2"
"2000-08-30","261.21"
"2000-08-31","261.34"
"2000-09-01","261.34"
"2000-09-04","261.34"
"2000-09-05","261.48"
"2000-09-06","261.87"
"2000-09-07","261.83"
"2000-09-08","261.72"
"2000-09-11","261.97"
"2000-09-12","261.8"
"2000-09-13","261.6"
"2000-09-14","261.77"
"2000-09-15","261.77"
"2000-09-18","261.91"
"2000-09-19","262.26"
"2000-09-20","262.34"
"2000-09-21","262.61"
"2000-09-22","263.03"
"2000-09-25","263"
"2000-09-26","263.15"
"2000-09-27","263.38"
"2000-09-28","263.87"
"2000-09-29","263.75"
"2000-10-02","264"
"2000-10-03","263.25"
"2000-10-04","263.2"
"2000-10-05","263.08"
"2000-10-06","262.79"
"2000-10-09","262.5"
"2000-10-10","262.34"
"2000-10-11","262.74"
"2000-10-12","263"
"2000-10-13","263.07"
"2000-10-16","263.26"
"2000-10-17","262.91"
"2000-10-18","263.22"
"2000-10-19","262.89"
"2000-10-20","262.65"
"2000-10-24","262.63"
"2000-10-25","262.64"
"2000-10-26","262.84"
"2000-10-27","263.16"
"2000-10-30","263.28"
"2000-10-31","263.15"
"2000-11-02","263.24"
"2000-11-03","263.8"
"2000-11-06","263.79"
"2000-11-07","263.85"
"2000-11-08","264.06"
"2000-11-09","264.05"
"2000-11-10","264.03"
"2000-11-13","264.18"
"2000-11-14","264.02"
"2000-11-15","263.6"
"2000-11-16","263.51"
"2000-11-17","263.9"
"2000-11-20","263.88"
"2000-11-21","264.33"
"2000-11-22","264.15"
"2000-11-23","264.01"
"2000-11-24","264.61"
"2000-11-27","264.59"
"2000-11-28","264.73"
"2000-11-29","265.02"
"2000-11-30","264.9"
"2000-12-01","265.05"
"2000-12-04","265.05"
"2000-12-05","265.12"
"2000-12-06","265.15"
"2000-12-07","265.1"
"2000-12-08","265.25"
"2000-12-11","265.29"
"2000-12-12","265.39"
"2000-12-13","264.82"
"2000-12-14","264.74"
"2000-12-15","264.75"
"2000-12-18","264.59"
"2000-12-19","264.65"
"2000-12-20","264.51"
"2000-12-21","264.5"
"2000-12-22","264.86"
"2000-12-27","264.82"
"2000-12-28","265.67"
"2000-12-29","264.94"
"2001-01-02","264.58"
"2001-01-03","264.72"
"2001-01-04","264.83"
"2001-01-05","264.88"
"2001-01-08","264.92"
"2001-01-09","264.88"
"2001-01-10","265.33"
"2001-01-11","264.94"
"2001-01-12","265.01"
"2001-01-15","265.05"
"2001-01-16","264.96"
"2001-01-17","265.21"
"2001-01-18","265.1"
"2001-01-19","265.15"
"2001-01-22","264.96"
"2001-01-23","264.97"
"2001-01-24","265.03"
"2001-01-25","265.11"
"2001-01-26","265.17"
"2001-01-29","265.17"
"2001-01-30","265.13"
"2001-01-31","265.16"
"2001-02-01","265.27"
"2001-02-02","265.27"
"2001-02-05","265.3"
"2001-02-06","265.32"
"2001-02-07","265.35"
"2001-02-08","265.46"
"2001-02-09","265.47"
"2001-02-12","265.49"
"2001-02-13","265.69"
"2001-02-14","265.56"
"2001-02-15","265.64"
"2001-02-16","265.64"
"2001-02-19","265.76"
"2001-02-20","265.71"
"2001-02-21","265.74"
"2001-02-22","266.31"
"2001-02-23","266.01"
"2001-02-26","266.15"
"2001-02-27","266.2"
"2001-02-28","266.14"
"2001-03-01","266.2"
"2001-03-02","266.4"
"2001-03-05","266.41"
"2001-03-06","266.25"
"2001-03-07","266.29"
"2001-03-08","266.28"
"2001-03-09","266.21"
"2001-03-12","266.23"
"2001-03-13","266.35"
"2001-03-14","266.47"
"2001-03-19","266.7"
"2001-03-20","266.42"
"2001-03-21","266.46"
"2001-03-22","266.56"
"2001-03-23","266.55"
"2001-03-26","266.58"
"2001-03-27","266.63"
"2001-03-28","266.75"
"2001-03-29","266.7"
"2001-03-30","266.7"
"2001-04-02","266.72"
"2001-04-03","266.73"
"2001-04-04","266.76"
"2001-04-05","266.82"
"2001-04-06","266.82"
"2001-04-09","266.84"
"2001-04-10","266.85"
"2001-04-11","266.94"
"2001-04-12","266.97"
"2001-04-13","266.96"
"2001-04-17","266.99"
"2001-04-18","266.99"
"2001-04-19","267.04"
"2001-04-20","267.06"
"2001-04-23","267.11"
"2001-04-24","267.16"
"2001-04-25","267.11"
"2001-04-26","267.21"
"2001-04-27","267.29"
"2001-05-02","267.24"
"2001-05-03","267.29"
"2001-05-04","261.78"
"2001-05-07","260"
"2001-05-08","260.04"
"2001-05-09","258.35"
"2001-05-10","258.68"
"2001-05-11","257.06"
"2001-05-14","257.25"
"2001-05-15","257.8"
"2001-05-16","258.24"
"2001-05-17","257.68"
"2001-05-18","257.99"
"2001-05-21","258.5"
"2001-05-22","258.44"
"2001-05-23","257.63"
"2001-05-24","256.81"
"2001-05-25","255.73"
"2001-05-28","255.23"
"2001-05-29","254.22"
"2001-05-30","253.49"
"2001-05-31","253.38"
"2001-06-01","253.96"
"2001-06-05","253.33"
"2001-06-06","250.96"
"2001-06-07","249.49"
"2001-06-08","250.18"
"2001-06-11","249.89"
"2001-06-12","249.11"
"2001-06-13","247.46"
"2001-06-14","247.45"
"2001-06-15","246.7"
"2001-06-18","245.6"
"2001-06-19","246.11"
"2001-06-20","246.74"
"2001-06-21","245.21"
"2001-06-22","243.98"
"2001-06-25","244.28"
"2001-06-26","243.04"
"2001-06-27","243.02"
"2001-06-28","242.2"
"2001-06-29","243.59"
"2001-07-02","243.66"
"2001-07-03","242.3"
"2001-07-04","241.45"
"2001-07-05","242.8"
"2001-07-06","246.03"
"2001-07-09","252.28"
"2001-07-10","251.95"
"2001-07-11","257.9"
"2001-07-12","252.7"
"2001-07-13","256.65"
"2001-07-16","257.71"
"2001-07-17","252.62"
"2001-07-18","249.32"
"2001-07-19","249.8"
"2001-07-20","249.01"
"2001-07-23","247.88"
"2001-07-24","247.03"
"2001-07-25","246.27"
"2001-07-26","247.64"
"2001-07-27","247.69"
"2001-07-30","246.88"
"2001-07-31","247.7"
"2001-08-01","248.51"
"2001-08-02","248.45"
"2001-08-03","248.69"
"2001-08-06","247.15"
"2001-08-07","246.94"
"2001-08-08","247.14"
"2001-08-09","247.27"
"2001-08-10","247.04"
"2001-08-13","246.62"
"2001-08-14","247.07"
"2001-08-15","250"
"2001-08-16","257.39"
"2001-08-17","256.29"
"2001-08-21","257.01"
"2001-08-22","257.67"
"2001-08-23","253.73"
"2001-08-24","251.38"
"2001-08-27","253.61"
"2001-08-28","253.52"
"2001-08-29","254.08"
"2001-08-30","252.3"
"2001-08-31","253.55"
"2001-09-03","252.04"
"2001-09-04","251.86"
"2001-09-05","251.84"
"2001-09-06","252.43"
"2001-09-07","252.95"
"2001-09-10","253.19"
"2001-09-11","251.93"
"2001-09-12","256"
"2001-09-13","255.03"
"2001-09-14","255.33"
"2001-09-17","258.47"
"2001-09-18","256.71"
"2001-09-19","258.12"
"2001-09-20","258.83"
"2001-09-21","258.15"
"2001-09-24","260.88"
"2001-09-25","260.55"
"2001-09-26","257.9"
"2001-09-27","257.52"
"2001-09-28","257.75"
"2001-10-01","257.15"
"2001-10-02","258.12"
"2001-10-03","257.53"
"2001-10-04","257.25"
"2001-10-05","256.5"
"2001-10-08","259.34"
"2001-10-09","257.42"
"2001-10-10","256.32"
"2001-10-11","254.8"
"2001-10-12","255.06"
"2001-10-15","255.33"
"2001-10-16","254.47"
"2001-10-17","254.15"
"2001-10-18","254.69"
"2001-10-19","253.42"
"2001-10-24","252.23"
"2001-10-25","251.95"
"2001-10-26","254.04"
"2001-10-29","253.97"
"2001-10-30","255.64"
"2001-11-05","253.92"
"2001-11-06","252.48"
"2001-11-07","251.42"
"2001-11-08","250.45"
"2001-11-09","250.43"
"2001-11-12","250.33"
"2001-11-13","249.79"
"2001-11-14","249.41"
"2001-11-15","249.83"
"2001-11-16","251.78"
"2001-11-19","250.63"
"2001-11-20","249.66"
"2001-11-21","250.15"
"2001-11-22","252.29"
"2001-11-23","252.26"
"2001-11-26","251.89"
"2001-11-27","251.39"
"2001-11-28","251.44"
"2001-11-29","250.62"
"2001-11-30","251.63"
"2001-12-03","250.47"
"2001-12-04","249.38"
"2001-12-05","249.08"
"2001-12-06","248.97"
"2001-12-07","249.18"
"2001-12-10","250.61"
"2001-12-11","249.65"
"2001-12-12","246.94"
"2001-12-13","247.18"
"2001-12-14","246.18"
"2001-12-17","246.13"
"2001-12-18","245.06"
"2001-12-19","246.16"
"2001-12-20","246.75"
"2001-12-21","246.45"
"2001-12-27","245.48"
"2001-12-28","246.33"
"2002-01-02","244.75"
"2002-01-03","245.1"
"2002-01-04","244.78"
"2002-01-07","243.58"
"2002-01-08","244.09"
"2002-01-09","244.16"
"2002-01-10","243.64"
"2002-01-11","245.55"
"2002-01-14","243.88"
"2002-01-15","244.05"
"2002-01-16","243.75"
"2002-01-17","243.27"
"2002-01-18","243.66"
"2002-01-21","243.74"
"2002-01-22","243.4"
"2002-01-23","243.29"
"2002-01-24","243.6"
"2002-01-25","244.33"
"2002-01-28","244.27"
"2002-01-29","242.92"
"2002-01-30","243.7"
"2002-01-31","243.49"
"2002-02-01","242.51"
"2002-02-04","243.86"
"2002-02-05","244.21"
"2002-02-06","244.01"
"2002-02-07","245.23"
"2002-02-08","243.92"
"2002-02-11","243.34"
"2002-02-12","243.93"
"2002-02-13","242.93"
"2002-02-14","243.18"
"2002-02-15","240.62"
"2002-02-18","241.22"
"2002-02-19","242.33"
"2002-02-20","243.98"
"2002-02-21","243.31"
"2002-02-22","243.45"
"2002-02-25","243.73"
"2002-02-26","243.97"
"2002-02-27","245.31"
"2002-02-28","245.84"
"2002-03-01","246.03"
"2002-03-04","244.93"
"2002-03-05","244.41"
"2002-03-06","243.86"
"2002-03-07","244.49"
"2002-03-08","246.55"
"2002-03-11","244.95"
"2002-03-12","244.84"
"2002-03-13","245.35"
"2002-03-14","245.78"
"2002-03-18","245.11"
"2002-03-19","245.35"
"2002-03-20","245.02"
"2002-03-21","244.23"
"2002-03-22","244.01"
"2002-03-25","243.86"
"2002-03-26","244.45"
"2002-03-27","243.98"
"2002-03-28","243.55"
"2002-03-29","243.5"
"2002-04-02","243.6"
"2002-04-03","242.87"
"2002-04-04","242.12"
"2002-04-05","243.41"
"2002-04-08","243.57"
"2002-04-09","243.4"
"2002-04-10","242.56"
"2002-04-11","242.08"
"2002-04-12","241.77"
"2002-04-15","241.85"
"2002-04-16","241.5"
"2002-04-17","242.4"
"2002-04-18","242.4"
"2002-04-19","242.17"
"2002-04-22","241.65"
"2002-04-23","240.59"
"2002-04-24","240.65"
"2002-04-25","242.02"
"2002-04-26","243.76"
"2002-04-29","242.84"
"2002-04-30","243.48"
"2002-05-02","243.15"
"2002-05-03","244.08"
"2002-05-06","243.93"
"2002-05-07","244.26"
"2002-05-10","243.95"
"2002-05-13","244.3"
"2002-05-14","244.42"
"2002-05-15","244"
"2002-05-16","244.65"
"2002-05-17","244.64"
"2002-05-21","245.46"
"2002-05-22","242.59"
"2002-05-23","242.5"
"2002-05-24","242.33"
"2002-05-27","242.61"
"2002-05-28","243.05"
"2002-05-29","243.55"
"2002-05-30","243.68"
"2002-05-31","243.27"
"2002-06-03","242.11"
"2002-06-04","242.29"
"2002-06-05","242.11"
"2002-06-06","241.05"
"2002-06-07","241.67"
"2002-06-10","241.5"
"2002-06-11","240.89"
"2002-06-12","241.32"
"2002-06-13","241.08"
"2002-06-14","241.62"
"2002-06-17","242.76"
"2002-06-18","243.17"
"2002-06-19","243.86"
"2002-06-20","243.34"
"2002-06-21","243.68"
"2002-06-24","244.88"
"2002-06-25","243.32"
"2002-06-26","244.25"
"2002-06-27","244.23"
"2002-06-28","244.67"
"2002-07-01","244.43"
"2002-07-02","243.83"
"2002-07-03","245.3"
"2002-07-04","246.56"
"2002-07-05","250.25"
"2002-07-08","250.43"
"2002-07-09","252.38"
"2002-07-10","252.09"
"2002-07-11","249.61"
"2002-07-12","247.16"
"2002-07-15","246.29"
"2002-07-16","247.21"
"2002-07-17","245.95"
"2002-07-18","245.36"
"2002-07-19","245.68"
"2002-07-22","245.35"
"2002-07-23","244.44"
"2002-07-24","246.25"
"2002-07-25","244.73"
"2002-07-26","245.24"
"2002-07-29","244.79"
"2002-07-30","244.25"
"2002-07-31","245.05"
"2002-08-01","244.93"
"2002-08-02","246.31"
"2002-08-05","244.9"
"2002-08-06","244.09"
"2002-08-07","244.01"
"2002-08-08","244.43"
"2002-08-09","244.4"
"2002-08-12","244.48"
"2002-08-13","244.9"
"2002-08-14","245.24"
"2002-08-15","245.37"
"2002-08-16","245.77"
"2002-08-21","245.14"
"2002-08-22","244.98"
"2002-08-23","244.72"
"2002-08-26","245.27"
"2002-08-27","245.87"
"2002-08-28","246.08"
"2002-08-29","245.82"
"2002-08-30","245.34"
"2002-09-02","244.55"
"2002-09-03","245.04"
"2002-09-04","245.57"
"2002-09-05","245.28"
"2002-09-06","244.75"
"2002-09-09","244.2"
"2002-09-10","243.49"
"2002-09-11","243.15"
"2002-09-12","243.59"
"2002-09-13","243.78"
"2002-09-16","243.77"
"2002-09-17","243.23"
"2002-09-18","243.75"
"2002-09-19","243.55"
"2002-09-20","243.19"
"2002-09-23","243.38"
"2002-09-24","243.22"
"2002-09-25","243.92"
"2002-09-26","243.59"
"2002-09-27","243.21"
"2002-09-30","243.28"
"2002-10-01","243.57"
"2002-10-02","243.62"
"2002-10-03","243.65"
"2002-10-04","243.93"
"2002-10-07","244.14"
"2002-10-08","245.16"
"2002-10-09","245.94"
"2002-10-10","245.18"
"2002-10-11","244.9"
"2002-10-14","245.02"
"2002-10-15","245"
"2002-10-16","244.78"
"2002-10-17","245.75"
"2002-10-18","245.32"
"2002-10-21","243.02"
"2002-10-22","241.98"
"2002-10-24","241.6"
"2002-10-25","241.3"
"2002-10-28","241.35"
"2002-10-29","241.51"
"2002-10-30","241.26"
"2002-10-31","241.49"
"2002-11-04","241.56"
"2002-11-05","241.05"
"2002-11-06","239.86"
"2002-11-07","238.78"
"2002-11-08","239.25"
"2002-11-11","238.35"
"2002-11-12","238.62"
"2002-11-13","238.83"
"2002-11-14","238.19"
"2002-11-15","237.4"
"2002-11-18","237.2"
"2002-11-19","236.53"
"2002-11-20","237.45"
"2002-11-21","237.8"
"2002-11-22","237.1"
"2002-11-25","236.95"
"2002-11-26","236.12"
"2002-11-27","236.65"
"2002-11-28","237.37"
"2002-11-29","237.48"
"2002-12-02","237.08"
"2002-12-03","237.5"
"2002-12-04","237.29"
"2002-12-05","236.51"
"2002-12-06","236.55"
"2002-12-09","236.74"
"2002-12-10","236.32"
"2002-12-11","236.35"
"2002-12-12","235.82"
"2002-12-13","235.63"
"2002-12-16","235.8"
"2002-12-17","235.37"
"2002-12-18","235.17"
"2002-12-19","235.49"
"2002-12-20","235.85"
"2002-12-23","235.68"
"2002-12-27","235.65"
"2002-12-30","235.93"
"2002-12-31","235.9"
"2003-01-02","235.74"
"2003-01-03","235.19"
"2003-01-06","235.44"
"2003-01-07","235.39"
"2003-01-08","235.27"
"2003-01-09","235.16"
"2003-01-10","235.01"
"2003-01-13","234.95"
"2003-01-14","234.9"
"2003-01-15","234.74"
"2003-01-16","234.69"
"2003-01-17","243.72"
"2003-01-20","244.38"
"2003-01-21","246.4"
"2003-01-22","247.85"
"2003-01-23","248.39"
"2003-01-24","246.85"
"2003-01-27","245.42"
"2003-01-28","244.62"
"2003-01-29","242.42"
"2003-01-30","243.21"
"2003-01-31","243.93"
"2003-02-03","243.83"
"2003-02-04","244.09"
"2003-02-05","245.16"
"2003-02-06","245.26"
"2003-02-07","246.58"
"2003-02-10","245.9"
"2003-02-11","245.02"
"2003-02-12","245.05"
"2003-02-13","244.29"
"2003-02-14","245.16"
"2003-02-17","245.58"
"2003-02-18","246.05"
"2003-02-19","246.36"
"2003-02-20","246.65"
"2003-02-21","246.36"
"2003-02-24","245.58"
"2003-02-25","244.31"
"2003-02-26","244.19"
"2003-02-27","243.14"
"2003-02-28","243.33"
"2003-03-03","244.58"
"2003-03-04","245.19"
"2003-03-05","245.2"
"2003-03-06","245.23"
"2003-03-07","245.25"
"2003-03-10","245.6"
"2003-03-11","245.43"
"2003-03-12","245.18"
"2003-03-13","245.22"
"2003-03-14","244.63"
"2003-03-17","244.94"
"2003-03-18","244.86"
"2003-03-19","245.37"
"2003-03-20","246.33"
"2003-03-21","246.3"
"2003-03-24","246.25"
"2003-03-25","246.39"
"2003-03-26","246.5"
"2003-03-27","246.29"
"2003-03-28","246.88"
"2003-03-31","246.84"
"2003-04-01","247.45"
"2003-04-02","247.43"
"2003-04-03","246.1"
"2003-04-04","245.89"
"2003-04-07","244.85"
"2003-04-08","244.64"
"2003-04-09","244.33"
"2003-04-10","244.21"
"2003-04-11","244.93"
"2003-04-14","245.35"
"2003-04-15","245.29"
"2003-04-16","245.41"
"2003-04-17","245.78"
"2003-04-18","245.49"
"2003-04-22","246.19"
"2003-04-23","245.65"
"2003-04-24","245.93"
"2003-04-25","245.68"
"2003-04-28","245.46"
"2003-04-29","245.54"
"2003-04-30","245.82"
"2003-05-05","245.18"
"2003-05-06","245.05"
"2003-05-07","245.15"
"2003-05-08","244.71"
"2003-05-09","245.32"
"2003-05-12","245.21"
"2003-05-13","244.63"
"2003-05-14","244.86"
"2003-05-15","244.8"
"2003-05-16","245.13"
"2003-05-19","245.2"
"2003-05-20","245.05"
"2003-05-21","246.25"
"2003-05-22","245.79"
"2003-05-23","246.24"
"2003-05-26","245.92"
"2003-05-27","245.8"
"2003-05-28","246.11"
"2003-05-29","252.27"
"2003-05-30","249.38"
"2003-06-02","249.83"
"2003-06-03","253.85"
"2003-06-04","256.41"
"2003-06-05","268.59"
"2003-06-06","262.35"
"2003-06-10","264.2"
"2003-06-11","257.93"
"2003-06-12","257.99"
"2003-06-13","259.1"
"2003-06-16","259.62"
"2003-06-17","263.55"
"2003-06-18","263.73"
"2003-06-19","263.18"
"2003-06-20","263.6"
"2003-06-23","259.9"
"2003-06-24","260.61"
"2003-06-25","259.83"
"2003-06-26","262.94"
"2003-06-27","268.55"
"2003-06-30","266.3"
"2003-07-01","264.3"
"2003-07-02","263.02"
"2003-07-03","264.32"
"2003-07-04","264.72"
"2003-07-07","263.33"
"2003-07-08","262.33"
"2003-07-09","262.71"
"2003-07-10","262.35"
"2003-07-11","262.01"
"2003-07-14","261.11"
"2003-07-15","260.7"
"2003-07-16","262.81"
"2003-07-17","264.19"
"2003-07-18","266.3"
"2003-07-21","266.59"
"2003-07-22","266.31"
"2003-07-23","268.9"
"2003-07-24","267.12"
"2003-07-25","264.42"
"2003-07-28","264.85"
"2003-07-29","263.01"
"2003-07-30","263.03"
"2003-07-31","264.41"
"2003-08-01","264.15"
"2003-08-04","263.53"
"2003-08-05","262.2"
"2003-08-06","262.71"
"2003-08-07","261"
"2003-08-08","259"
"2003-08-11","258.79"
"2003-08-12","259.13"
"2003-08-13","258.57"
"2003-08-14","260.85"
"2003-08-15","260.65"
"2003-08-18","260.45"
"2003-08-19","260.38"
"2003-08-21","258.82"
"2003-08-22","257.74"
"2003-08-25","256.74"
"2003-08-26","256.76"
"2003-08-27","257.54"
"2003-08-28","256.65"
"2003-08-29","257.16"
"2003-09-01","257.22"
"2003-09-02","257.69"
"2003-09-03","256.74"
"2003-09-04","256.13"
"2003-09-05","255.76"
"2003-09-08","256.42"
"2003-09-09","255.76"
"2003-09-10","256.45"
"2003-09-11","256.27"
"2003-09-12","255.15"
"2003-09-15","255.25"
"2003-09-16","254.69"
"2003-09-17","254.95"
"2003-09-18","256.7"
"2003-09-19","255.35"
"2003-09-22","255.12"
"2003-09-23","254.74"
"2003-09-24","253.65"
"2003-09-25","253.95"
"2003-09-26","254.7"
"2003-09-29","253.92"
"2003-09-30","254.61"
"2003-10-01","253.96"
"2003-10-02","253.41"
"2003-10-03","253.68"
"2003-10-06","253.55"
"2003-10-07","253.85"
"2003-10-08","254.07"
"2003-10-09","253.47"
"2003-10-10","253.66"
"2003-10-13","255.38"
"2003-10-14","255.44"
"2003-10-15","256.32"
"2003-10-16","256.81"
"2003-10-17","257.06"
"2003-10-20","256.62"
"2003-10-21","255.97"
"2003-10-22","256.17"
"2003-10-27","257.87"
"2003-10-28","256.38"
"2003-10-29","255.83"
"2003-10-30","256.17"
"2003-10-31","259.13"
"2003-11-03","262.07"
"2003-11-04","260.42"
"2003-11-05","259.1"
"2003-11-06","258.62"
"2003-11-07","257.36"
"2003-11-10","257.05"
"2003-11-11","257.8"
"2003-11-12","258.88"
"2003-11-13","258.92"
"2003-11-14","258.07"
"2003-11-17","258.56"
"2003-11-18","257.06"
"2003-11-19","258.29"
"2003-11-20","258.19"
"2003-11-21","257.66"
"2003-11-24","258.2"
"2003-11-25","262.06"
"2003-11-26","261.87"
"2003-11-27","262.95"
"2003-11-28","265.03"
"2003-12-01","261.87"
"2003-12-02","272.03"
"2003-12-03","270.68"
"2003-12-04","269.93"
"2003-12-05","268.38"
"2003-12-08","268.3"
"2003-12-09","268.09"
"2003-12-10","264.5"
"2003-12-11","263.02"
"2003-12-12","262.92"
"2003-12-15","263.33"
"2003-12-16","264.18"
"2003-12-17","264.64"
"2003-12-18","263.63"
"2003-12-19","262.23"
"2003-12-22","262.64"
"2003-12-23","261.89"
"2003-12-29","260.7"
"2003-12-30","261.63"
"2003-12-31","262.23"
"2004-01-05","261.83"
"2004-01-06","259.4"
"2004-01-07","262.1"
"2004-01-08","263.55"
"2004-01-09","269.43"
"2004-01-12","270"
"2004-01-13","269.17"
"2004-01-14","266.57"
"2004-01-15","266.19"
"2004-01-16","267.13"
"2004-01-19","264.81"
"2004-01-20","264.25"
"2004-01-21","264.08"
"2004-01-22","263.61"
"2004-01-23","263.13"
"2004-01-26","262.4"
"2004-01-27","262.43"
"2004-01-28","263.29"
"2004-01-29","263.52"
"2004-01-30","265.05"
"2004-02-02","264.27"
"2004-02-03","265.93"
"2004-02-04","264.81"
"2004-02-05","265.82"
"2004-02-06","268.47"
"2004-02-09","267.3"
"2004-02-10","264.72"
"2004-02-11","263.98"
"2004-02-12","264.25"
"2004-02-13","263.01"
"2004-02-16","263.08"
"2004-02-17","263.29"
"2004-02-18","262.67"
"2004-02-19","262.48"
"2004-02-20","260.97"
"2004-02-23","261.33"
"2004-02-24","258.9"
"2004-02-25","258.33"
"2004-02-26","258.02"
"2004-02-27","257.86"
"2004-03-01","257.21"
"2004-03-02","256.32"
"2004-03-03","256.49"
"2004-03-04","255.32"
"2004-03-05","255.48"
"2004-03-08","254.46"
"2004-03-09","254.48"
"2004-03-10","253.79"
"2004-03-11","252.74"
"2004-03-12","252.7"
"2004-03-16","253.81"
"2004-03-17","254.88"
"2004-03-18","255.18"
"2004-03-19","253.62"
"2004-03-22","253.17"
"2004-03-23","252.22"
"2004-03-24","251.62"
"2004-03-25","250.08"
"2004-03-26","250.65"
"2004-03-29","250.63"
"2004-03-30","250.09"
"2004-03-31","248.92"
"2004-04-01","249.2"
"2004-04-02","249.59"
"2004-04-05","248.79"
"2004-04-06","247.68"
"2004-04-07","248.12"
"2004-04-08","247.96"
"2004-04-09","247.95"
"2004-04-13","248.29"
"2004-04-14","249.89"
"2004-04-15","253.32"
"2004-04-16","252.24"
"2004-04-19","251.99"
"2004-04-20","250.56"
"2004-04-21","250.56"
"2004-04-22","252.25"
"2004-04-23","251.4"
"2004-04-26","250.19"
"2004-04-27","249.7"
"2004-04-28","251.22"
"2004-04-29","253.43"
"2004-04-30","252.19"
"2004-05-03","250.81"
"2004-05-04","251.33"
"2004-05-05","250.97"
"2004-05-06","250.91"
"2004-05-07","251.9"
"2004-05-10","254.08"
"2004-05-11","254.09"
"2004-05-12","253.33"
"2004-05-13","255.79"
"2004-05-14","256.39"
"2004-05-17","255.43"
"2004-05-18","253.65"
"2004-05-19","253.14"
"2004-05-20","252.83"
"2004-05-21","253.34"
"2004-05-24","252.95"
"2004-05-25","252.09"
"2004-05-26","251.68"
"2004-05-27","251.57"
"2004-05-28","251.28"
"2004-06-01","251.75"
"2004-06-02","251.35"
"2004-06-03","251.52"
"2004-06-04","252.29"
"2004-06-07","252.38"
"2004-06-08","251.26"
"2004-06-09","251.66"
"2004-06-10","253.31"
"2004-06-11","254.12"
"2004-06-14","253.38"
"2004-06-15","252.9"
"2004-06-16","252.93"
"2004-06-17","253.8"
"2004-06-18","256.2"
"2004-06-21","254.59"
"2004-06-22","255.73"
"2004-06-23","254.4"
"2004-06-24","253.27"
"2004-06-25","253.24"
"2004-06-28","253.26"
"2004-06-29","253.3"
"2004-06-30","253.23"
"2004-07-01","250.95"
"2004-07-02","250.79"
"2004-07-05","250.37"
"2004-07-06","250.53"
"2004-07-07","250.75"
"2004-07-08","250.7"
"2004-07-09","250.88"
"2004-07-12","251.73"
"2004-07-13","250.87"
"2004-07-14","250.39"
"2004-07-15","249.63"
"2004-07-16","250.1"
"2004-07-19","249.72"
"2004-07-20","249.63"
"2004-07-21","249.92"
"2004-07-22","249.88"
"2004-07-23","249.07"
"2004-07-26","249.4"
"2004-07-27","248.6"
"2004-07-28","247.9"
"2004-07-29","246.87"
"2004-07-30","247.93"
"2004-08-02","248.7"
"2004-08-03","250.66"
"2004-08-04","250.89"
"2004-08-05","249.23"
"2004-08-06","248.07"
"2004-08-09","247.84"
"2004-08-10","246.43"
"2004-08-11","247.58"
"2004-08-12","247.65"
"2004-08-13","249.68"
"2004-08-16","247.93"
"2004-08-17","247.87"
"2004-08-18","247.5"
"2004-08-19","247.62"
"2004-08-23","252.09"
"2004-08-24","249.78"
"2004-08-25","250.09"
"2004-08-26","249.52"
"2004-08-27","249.18"
"2004-08-30","249.18"
"2004-08-31","249.28"
"2004-09-01","248.7"
"2004-09-02","248.15"
"2004-09-03","247.95"
"2004-09-06","247.96"
"2004-09-07","247.63"
"2004-09-08","249.1"
"2004-09-09","248.89"
"2004-09-10","250.61"
"2004-09-13","249.58"
"2004-09-14","248.23"
"2004-09-15","248.28"
"2004-09-16","247.36"
"2004-09-17","247.26"
"2004-09-20","247.3"
"2004-09-21","246.52"
"2004-09-22","246.9"
"2004-09-23","246.22"
"2004-09-24","245.7"
"2004-09-27","246"
"2004-09-28","246.41"
"2004-09-29","246.97"
"2004-09-30","247.02"
"2004-10-01","246.64"
"2004-10-04","246.92"
"2004-10-05","245.74"
"2004-10-06","245.83"
"2004-10-07","245.82"
"2004-10-08","245.89"
"2004-10-11","245.53"
"2004-10-12","246.31"
"2004-10-13","247.17"
"2004-10-14","247.4"
"2004-10-15","247.7"
"2004-10-18","248.16"
"2004-10-19","246.88"
"2004-10-20","246.98"
"2004-10-21","247.1"
"2004-10-22","246.92"
"2004-10-25","247.29"
"2004-10-26","248.31"
"2004-10-27","247.32"
"2004-10-28","246.76"
"2004-10-29","246.12"
"2004-11-02","245.67"
"2004-11-03","246.01"
"2004-11-04","245.68"
"2004-11-05","245.45"
"2004-11-08","245.54"
"2004-11-09","245.35"
"2004-11-10","245.06"
"2004-11-11","244.75"
"2004-11-12","244.73"
"2004-11-15","243.42"
"2004-11-16","244.21"
"2004-11-17","244.06"
"2004-11-18","244.76"
"2004-11-19","247.38"
"2004-11-22","246.82"
"2004-11-23","244.84"
"2004-11-24","245.11"
"2004-11-25","245.18"
"2004-11-26","245.06"
"2004-11-29","245.95"
"2004-11-30","246.67"
"2004-12-01","245.1"
"2004-12-02","244.03"
"2004-12-03","244.77"
"2004-12-06","244.53"
"2004-12-07","245.77"
"2004-12-08","245.88"
"2004-12-09","246.76"
"2004-12-10","249.28"
"2004-12-13","247.34"
"2004-12-14","246.98"
"2004-12-15","245.9"
"2004-12-16","245.79"
"2004-12-17","246.33"
"2004-12-20","245.19"
"2004-12-21","245.17"
"2004-12-22","245.95"
"2004-12-23","246.23"
"2004-12-27","245.9"
"2004-12-28","245.73"
"2004-12-29","245.61"
"2004-12-30","245.69"
"2004-12-31","245.93"
"2005-01-03","245.6"
"2005-01-04","245.61"
"2005-01-05","246.19"
"2005-01-06","247.43"
"2005-01-07","248.39"
"2005-01-10","247.9"
"2005-01-11","246.94"
"2005-01-12","247.88"
"2005-01-13","247.04"
"2005-01-14","247.1"
"2005-01-17","246.58"
"2005-01-18","246.56"
"2005-01-19","246.61"
"2005-01-20","246.98"
"2005-01-21","246.9"
"2005-01-24","246.35"
"2005-01-25","245.73"
"2005-01-26","245.8"
"2005-01-27","245.22"
"2005-01-28","245.35"
"2005-01-31","245.7"
"2005-02-01","245.62"
"2005-02-02","245.53"
"2005-02-03","244.21"
"2005-02-04","244.19"
"2005-02-07","244.15"
"2005-02-08","244.08"
"2005-02-09","244.27"
"2005-02-10","244.44"
"2005-02-11","244.47"
"2005-02-14","244.47"
"2005-02-15","244.11"
"2005-02-16","243.72"
"2005-02-17","243.3"
"2005-02-18","242.93"
"2005-02-21","243.5"
"2005-02-22","242.66"
"2005-02-23","242.69"
"2005-02-24","242.49"
"2005-02-25","242.52"
"2005-02-28","242.13"
"2005-03-01","241.94"
"2005-03-02","242.22"
"2005-03-03","242.25"
"2005-03-04","242.58"
"2005-03-07","241.92"
"2005-03-08","241.6"
"2005-03-09","241.42"
"2005-03-10","244.04"
"2005-03-11","243.3"
"2005-03-16","246.38"
"2005-03-17","247.92"
"2005-03-18","245.65"
"2005-03-21","246.23"
"2005-03-22","246.65"
"2005-03-23","247.98"
"2005-03-24","246.99"
"2005-03-25","247.18"
"2005-03-29","248.5"
"2005-03-30","247.51"
"2005-03-31","247.18"
"2005-04-01","247.31"
"2005-04-04","247.44"
"2005-04-05","247.4"
"2005-04-06","246.87"
"2005-04-07","246.2"
"2005-04-08","246.29"
"2005-04-11","246"
"2005-04-12","246.04"
"2005-04-13","245.95"
"2005-04-14","246.58"
"2005-04-15","247.27"
"2005-04-18","248.4"
"2005-04-19","249.82"
"2005-04-20","249.18"
"2005-04-21","248.56"
"2005-04-22","249.19"
"2005-04-25","250.07"
"2005-04-26","249.41"
"2005-04-27","250.07"
"2005-04-28","250.64"
"2005-04-29","252.66"
"2005-05-02","252.25"
"2005-05-03","251.6"
"2005-05-04","250.89"
"2005-05-05","249.35"
"2005-05-06","249.58"
"2005-05-09","249.6"
"2005-05-10","250.85"
"2005-05-11","251.58"
"2005-05-12","250.2"
"2005-05-13","251.34"
"2005-05-17","252.8"
"2005-05-18","252.65"
"2005-05-19","251.3"
"2005-05-20","251.74"
"2005-05-23","252.88"
"2005-05-24","253.63"
"2005-05-25","255.08"
"2005-05-26","252.81"
"2005-05-27","253.93"
"2005-05-30","254.35"
"2005-05-31","253.91"
"2005-06-01","254.13"
"2005-06-02","252.86"
"2005-06-03","250.71"
"2005-06-06","249.24"
"2005-06-07","249.23"
"2005-06-08","250.19"
"2005-06-09","250.08"
"2005-06-10","249.75"
"2005-06-13","249.49"
"2005-06-14","249.53"
"2005-06-15","248.55"
"2005-06-16","248.08"
"2005-06-17","247.91"
"2005-06-20","248.57"
"2005-06-21","247.8"
"2005-06-22","247.77"
"2005-06-23","247.63"
"2005-06-24","246.96"
"2005-06-27","247.2"
"2005-06-28","248.14"
"2005-06-29","247.63"
"2005-06-30","247.36"
"2005-07-01","246.85"
"2005-07-04","247.09"
"2005-07-05","247.33"
"2005-07-06","247.3"
"2005-07-07","248.41"
"2005-07-08","247.71"
"2005-07-11","247.17"
"2005-07-12","247.1"
"2005-07-13","246.53"
"2005-07-14","246.66"
"2005-07-15","246.84"
"2005-07-18","246.4"
"2005-07-19","246.38"
"2005-07-20","246.31"
"2005-07-21","245.26"
"2005-07-22","245.37"
"2005-07-25","245.65"
"2005-07-26","245.49"
"2005-07-27","245.54"
"2005-07-28","245.15"
"2005-07-29","244.99"
"2005-08-01","245.09"
"2005-08-02","244.91"
"2005-08-03","244.54"
"2005-08-04","244.25"
"2005-08-05","243.99"
"2005-08-08","243.64"
"2005-08-09","243.88"
"2005-08-10","243.64"
"2005-08-11","243.38"
"2005-08-12","243.82"
"2005-08-15","244.01"
"2005-08-16","244"
"2005-08-17","244.06"
"2005-08-18","243.75"
"2005-08-19","243.47"
"2005-08-22","243.7"
"2005-08-23","245.03"
"2005-08-24","245.7"
"2005-08-25","246.17"
"2005-08-26","245.8"
"2005-08-29","245.82"
"2005-08-30","244.9"
"2005-08-31","244.7"
"2005-09-01","243.7"
"2005-09-02","243.73"
"2005-09-05","243.58"
"2005-09-06","244.07"
"2005-09-07","243.79"
"2005-09-08","244.01"
"2005-09-09","244.67"
"2005-09-12","244.65"
"2005-09-13","245.17"
"2005-09-14","245.72"
"2005-09-15","245.29"
"2005-09-16","245.46"
"2005-09-19","246.08"
"2005-09-20","246.13"
"2005-09-21","246.76"
"2005-09-22","247.49"
"2005-09-23","248.09"
"2005-09-26","247.66"
"2005-09-27","246.74"
"2005-09-28","247.99"
"2005-09-29","248.94"
"2005-09-30","249.59"
"2005-10-03","249.88"
"2005-10-04","250.85"
"2005-10-05","249.68"
"2005-10-06","250.17"
"2005-10-07","251.63"
"2005-10-10","250.44"
"2005-10-11","250.09"
"2005-10-12","249.94"
"2005-10-13","251.29"
"2005-10-14","253.3"
"2005-10-17","252.19"
"2005-10-18","251.8"
"2005-10-19","253.19"
"2005-10-20","253.22"
"2005-10-21","253.96"
"2005-10-24","254.03"
"2005-10-25","253.94"
"2005-10-26","251.9"
"2005-10-27","252.35"
"2005-10-28","251.04"
"2005-11-02","250.41"
"2005-11-03","249.71"
"2005-11-04","248.94"
"2005-11-07","249.55"
"2005-11-08","249.55"
"2005-11-09","248.35"
"2005-11-10","250.8"
"2005-11-11","251.51"
"2005-11-14","250.3"
"2005-11-15","249.89"
"2005-11-16","250.25"
"2005-11-17","251.17"
"2005-11-18","252.95"
"2005-11-21","253.96"
"2005-11-22","254.28"
"2005-11-23","253.05"
"2005-11-24","251.64"
"2005-11-25","251.3"
"2005-11-28","250.71"
"2005-11-29","251.3"
"2005-11-30","252.56"
"2005-12-01","253.63"
"2005-12-02","252.06"
"2005-12-05","251.6"
"2005-12-06","251.3"
"2005-12-07","253.73"
"2005-12-08","255.93"
"2005-12-09","255.7"
"2005-12-12","255.63"
"2005-12-13","252.88"
"2005-12-14","252.29"
"2005-12-15","253.09"
"2005-12-16","253.36"
"2005-12-19","253"
"2005-12-20","251.47"
"2005-12-21","251.11"
"2005-12-22","250.87"
"2005-12-23","251.25"
"2005-12-27","251.23"
"2005-12-28","251.29"
"2005-12-29","251.96"
"2005-12-30","252.73"
"2006-01-02","252.65"
"2006-01-03","252.15"
"2006-01-04","251.11"
"2006-01-05","250.35"
"2006-01-06","250.71"
"2006-01-09","249.99"
"2006-01-10","250.42"
"2006-01-11","250.41"
"2006-01-12","250.21"
"2006-01-13","250.43"
"2006-01-16","250.37"
"2006-01-17","249.96"
"2006-01-18","252.1"
"2006-01-19","251.42"
"2006-01-20","251.2"
"2006-01-23","250.63"
"2006-01-24","250.03"
"2006-01-25","249.65"
"2006-01-26","249.55"
"2006-01-27","251.65"
"2006-01-30","251.36"
"2006-01-31","252.43"
"2006-02-01","251.34"
"2006-02-02","251.52"
"2006-02-03","250.95"
"2006-02-06","250.33"
"2006-02-07","250.55"
"2006-02-08","251.1"
"2006-02-09","251.13"
"2006-02-10","250.92"
"2006-02-13","251.27"
"2006-02-14","251.65"
"2006-02-15","251.27"
"2006-02-16","250.81"
"2006-02-17","251.69"
"2006-02-20","251.55"
"2006-02-21","251.75"
"2006-02-22","253.13"
"2006-02-23","253.14"
"2006-02-24","252.94"
"2006-02-27","252.45"
"2006-02-28","252.65"
"2006-03-01","253.34"
"2006-03-02","253.28"
"2006-03-03","254.32"
"2006-03-06","254.4"
"2006-03-07","255.15"
"2006-03-08","255.3"
"2006-03-09","256.75"
"2006-03-10","258.5"
"2006-03-13","259.25"
"2006-03-14","265.85"
"2006-03-16","261.36"
"2006-03-17","259.35"
"2006-03-20","262.14"
"2006-03-21","263.99"
"2006-03-22","266.95"
"2006-03-23","263.01"
"2006-03-24","264.7"
"2006-03-27","263.9"
"2006-03-28","266.44"
"2006-03-29","267.32"
"2006-03-30","265.74"
"2006-03-31","265.54"
"2006-04-03","263.04"
"2006-04-04","264.53"
"2006-04-05","266.08"
"2006-04-06","268.53"
"2006-04-07","267.73"
"2006-04-10","266.87"
"2006-04-11","265.7"
"2006-04-12","264.68"
"2006-04-13","266.52"
"2006-04-14","266.72"
"2006-04-18","266.57"
"2006-04-19","264.5"
"2006-04-20","265.21"
"2006-04-21","265.59"
"2006-04-24","262.55"
"2006-04-25","263.08"
"2006-04-26","265.22"
"2006-04-27","264.81"
"2006-04-28","263.61"
"2006-05-02","263.61"
"2006-05-03","262.4"
"2006-05-04","260.88"
"2006-05-05","260.26"
"2006-05-08","259.25"
"2006-05-09","259.41"
"2006-05-10","260.43"
"2006-05-11","260.4"
"2006-05-12","264.4"
"2006-05-15","268.34"
"2006-05-16","264.7"
"2006-05-17","262.02"
"2006-05-18","265.47"
"2006-05-19","263.18"
"2006-05-22","264.78"
"2006-05-23","263.27"
"2006-05-24","262.78"
"2006-05-25","262.31"
"2006-05-26","260.98"
"2006-05-29","261.05"
"2006-05-30","261.38"
"2006-05-31","262.71"
"2006-06-01","263.06"
"2006-06-02","261.92"
"2006-06-06","263.3"
"2006-06-07","262.88"
"2006-06-08","262.85"
"2006-06-09","263.73"
"2006-06-12","265.61"
"2006-06-13","269.73"
"2006-06-14","268.88"
"2006-06-15","269.43"
"2006-06-16","272.41"
"2006-06-19","274.11"
"2006-06-20","274.41"
"2006-06-21","277.32"
"2006-06-22","276.42"
"2006-06-23","279.6"
"2006-06-26","280.87"
"2006-06-27","279.3"
"2006-06-28","279.88"
"2006-06-29","282.19"
"2006-06-30","281.93"
"2006-07-03","282.07"
"2006-07-04","279.21"
"2006-07-05","280.38"
"2006-07-06","282.69"
"2006-07-07","280.55"
"2006-07-10","280.4"
"2006-07-11","277.75"
"2006-07-12","276.25"
"2006-07-13","280.45"
"2006-07-14","282.62"
"2006-07-17","280.95"
"2006-07-18","278.78"
"2006-07-19","277.81"
"2006-07-20","275.63"
"2006-07-21","275.64"
"2006-07-24","278.68"
"2006-07-25","272.87"
"2006-07-26","272.41"
"2006-07-27","271.22"
"2006-07-28","270.85"
"2006-07-31","271.95"
"2006-08-01","272.2"
"2006-08-02","273.87"
"2006-08-03","272.1"
"2006-08-04","272.5"
"2006-08-07","270.38"
"2006-08-08","270.37"
"2006-08-09","269.45"
"2006-08-10","269.9"
"2006-08-11","269.81"
"2006-08-14","271.99"
"2006-08-15","275.56"
"2006-08-16","275.87"
"2006-08-17","273.8"
"2006-08-18","277.68"
"2006-08-21","279.96"
"2006-08-22","278.38"
"2006-08-23","275.1"
"2006-08-24","277.73"
"2006-08-25","277.82"
"2006-08-28","277.2"
"2006-08-29","275.48"
"2006-08-30","275.81"
"2006-08-31","274.76"
"2006-09-01","277.35"
"2006-09-04","277.09"
"2006-09-05","276.51"
"2006-09-06","275.27"
"2006-09-07","277.42"
"2006-09-08","275.05"
"2006-09-11","275.49"
"2006-09-12","274.89"
"2006-09-13","273.75"
"2006-09-14","273.51"
"2006-09-15","272.84"
"2006-09-18","272.22"
"2006-09-19","274.07"
"2006-09-20","273.22"
"2006-09-21","275.68"
"2006-09-22","276.55"
"2006-09-25","275.25"
"2006-09-26","273.72"
"2006-09-27","272.76"
"2006-09-28","273.35"
"2006-09-29","273.49"
"2006-10-02","273.4"
"2006-10-03","275.1"
"2006-10-04","276.43"
"2006-10-05","274.35"
"2006-10-06","274.1"
"2006-10-09","271.95"
"2006-10-10","270.52"
"2006-10-11","267.35"
"2006-10-12","267.02"
"2006-10-13","265.74"
"2006-10-16","265.01"
"2006-10-17","265.91"
"2006-10-18","267.08"
"2006-10-19","264.31"
"2006-10-20","262.07"
"2006-10-24","262.99"
"2006-10-25","262.6"
"2006-10-26","261.44"
"2006-10-27","261.81"
"2006-10-30","261.88"
"2006-10-31","261.97"
"2006-11-02","259.44"
"2006-11-03","260.6"
"2006-11-06","259.87"
"2006-11-07","260.19"
"2006-11-08","260.92"
"2006-11-09","260.99"
"2006-11-10","261.34"
"2006-11-13","260.77"
"2006-11-14","258.87"
"2006-11-15","257.31"
"2006-11-16","257.38"
"2006-11-17","257.5"
"2006-11-20","258.4"
"2006-11-21","256.39"
"2006-11-22","257.33"
"2006-11-23","258.42"
"2006-11-24","260"
"2006-11-27","259.01"
"2006-11-28","258.48"
"2006-11-29","257.19"
"2006-11-30","255.98"
"2006-12-01","255.5"
"2006-12-04","255.71"
"2006-12-05","255.4"
"2006-12-06","255.24"
"2006-12-07","255.97"
"2006-12-08","256.9"
"2006-12-11","256.2"
"2006-12-12","254.5"
"2006-12-13","253.49"
"2006-12-14","253.09"
"2006-12-15","252.75"
"2006-12-18","253.2"
"2006-12-19","253.45"
"2006-12-20","252.81"
"2006-12-21","252.54"
"2006-12-22","252.47"
"2006-12-27","253.27"
"2006-12-28","252.75"
"2006-12-29","252.3"
"2007-01-02","251.28"
"2007-01-03","251.15"
"2007-01-04","252.05"
"2007-01-05","254.81"
"2007-01-08","254.15"
"2007-01-09","253.33"
"2007-01-10","254.87"
"2007-01-11","255.2"
"2007-01-12","254.13"
"2007-01-15","252.09"
"2007-01-16","252.79"
"2007-01-17","254.18"
"2007-01-18","252.24"
"2007-01-19","251.58"
"2007-01-22","251.66"
"2007-01-23","252.97"
"2007-01-24","253.53"
"2007-01-25","253.36"
"2007-01-26","256.29"
"2007-01-29","256.13"
"2007-01-30","258.46"
"2007-01-31","258.04"
"2007-02-01","255.04"
"2007-02-02","255.7"
"2007-02-05","254.82"
"2007-02-06","254.07"
"2007-02-07","252.72"
"2007-02-08","253.45"
"2007-02-09","253.4"
"2007-02-12","253.73"
"2007-02-13","254.65"
"2007-02-14","253.48"
"2007-02-15","251.98"
"2007-02-16","252.6"
"2007-02-19","251.94"
"2007-02-20","251.67"
"2007-02-21","252.42"
"2007-02-22","251.65"
"2007-02-23","252.58"
"2007-02-26","253.22"
"2007-02-27","254.04"
"2007-02-28","254.79"
"2007-03-01","254.5"
"2007-03-02","253.62"
"2007-03-05","256.05"
"2007-03-06","253.15"
"2007-03-07","252.96"
"2007-03-08","251.53"
"2007-03-09","251.3"
"2007-03-12","248.83"
"2007-03-13","249.69"
"2007-03-14","251.75"
"2007-03-19","245.67"
"2007-03-20","246.18"
"2007-03-21","247.29"
"2007-03-22","245.95"
"2007-03-23","246.75"
"2007-03-26","246.69"
"2007-03-27","248.34"
"2007-03-28","249.63"
"2007-03-29","248.53"
"2007-03-30","247.83"
"2007-04-02","247.02"
"2007-04-03","247.26"
"2007-04-04","245.83"
"2007-04-05","245.82"
"2007-04-06","246.03"
"2007-04-10","246.04"
"2007-04-11","244.96"
"2007-04-12","245.49"
"2007-04-13","245.64"
"2007-04-16","245.32"
"2007-04-17","245.99"
"2007-04-18","245.75"
"2007-04-19","247.35"
"2007-04-20","245.63"
"2007-04-23","245.08"
"2007-04-24","245.83"
"2007-04-25","246.05"
"2007-04-26","245.74"
"2007-04-27","246.42"
"2007-05-02","246.97"
"2007-05-03","246.7"
"2007-05-04","246.53"
"2007-05-07","246.52"
"2007-05-08","245.78"
"2007-05-09","247.46"
"2007-05-10","247.1"
"2007-05-11","249.2"
"2007-05-14","247.44"
"2007-05-15","248.43"
"2007-05-16","248.07"
"2007-05-17","249.13"
"2007-05-18","250.73"
"2007-05-21","249.94"
"2007-05-22","247.85"
"2007-05-23","248.65"
"2007-05-24","249.47"
"2007-05-25","250.14"
"2007-05-29","250.37"
"2007-05-30","251.05"
"2007-05-31","250.35"
"2007-06-01","249.91"
"2007-06-04","249.69"
"2007-06-05","250.38"
"2007-06-06","251.9"
"2007-06-07","252.83"
"2007-06-08","254.87"
"2007-06-11","254.19"
"2007-06-12","252.84"
"2007-06-13","254.87"
"2007-06-14","253.52"
"2007-06-15","251.56"
"2007-06-18","250.13"
"2007-06-19","250.47"
"2007-06-20","249.08"
"2007-06-21","248.75"
"2007-06-22","247.58"
"2007-06-25","246.88"
"2007-06-26","247.76"
"2007-06-27","248.06"
"2007-06-28","247.23"
"2007-06-29","245.9"
"2007-07-02","245.78"
"2007-07-03","245.94"
"2007-07-04","246.1"
"2007-07-05","246.33"
"2007-07-06","246.93"
"2007-07-09","245.75"
"2007-07-10","245.34"
"2007-07-11","246.57"
"2007-07-12","246.68"
"2007-07-13","245.55"
"2007-07-16","245.4"
"2007-07-17","245.51"
"2007-07-18","246.29"
"2007-07-19","245.68"
"2007-07-20","245.43"
"2007-07-23","245.76"
"2007-07-24","246.06"
"2007-07-25","246.7"
"2007-07-26","248.35"
"2007-07-27","251"
"2007-07-30","252.06"
"2007-07-31","250.71"
"2007-08-01","253.41"
"2007-08-02","251.87"
"2007-08-03","250.55"
"2007-08-06","252"
"2007-08-07","250.66"
"2007-08-08","249.27"
"2007-08-09","250.04"
"2007-08-10","252.17"
"2007-08-13","252.6"
"2007-08-14","253.13"
"2007-08-15","258.17"
"2007-08-16","259.38"
"2007-08-17","260.8"
"2007-08-21","261.17"
"2007-08-22","259.96"
"2007-08-23","258.04"
"2007-08-24","258.98"
"2007-08-27","256.85"
"2007-08-28","257.63"
"2007-08-29","258.05"
"2007-08-30","255.45"
"2007-08-31","254.06"
"2007-09-03","254.82"
"2007-09-04","256.04"
"2007-09-05","255.3"
"2007-09-06","255.13"
"2007-09-07","254.35"
"2007-09-10","256.58"
"2007-09-11","256.47"
"2007-09-12","254.17"
"2007-09-13","254.09"
"2007-09-14","254.45"
"2007-09-17","255.41"
"2007-09-18","255.04"
"2007-09-19","252.19"
"2007-09-20","251.13"
"2007-09-21","250.31"
"2007-09-24","250.36"
"2007-09-25","250.45"
"2007-09-26","250.82"
"2007-09-27","250.32"
"2007-09-28","250.76"
"2007-10-01","250.93"
"2007-10-02","250.95"
"2007-10-03","251.32"
"2007-10-04","252.91"
"2007-10-05","251.66"
"2007-10-08","250.39"
"2007-10-09","250.39"
"2007-10-10","249.35"
"2007-10-11","249.55"
"2007-10-12","249.62"
"2007-10-15","249.88"
"2007-10-16","250.88"
"2007-10-17","250.73"
"2007-10-18","250.42"
"2007-10-19","250.7"
"2007-10-24","251.23"
"2007-10-25","251"
"2007-10-26","251"
"2007-10-29","251.05"
"2007-10-30","250.93"
"2007-10-31","251.13"
"2007-11-05","252.8"
"2007-11-06","252.05"
"2007-11-07","252.89"
"2007-11-08","253.75"
"2007-11-09","252.84"
"2007-11-12","254.17"
"2007-11-13","254"
"2007-11-14","253.38"
"2007-11-15","254.37"
"2007-11-16","253.95"
"2007-11-19","254.05"
"2007-11-20","255.01"
"2007-11-21","255.93"
"2007-11-22","256.56"
"2007-11-23","257.06"
"2007-11-26","256.55"
"2007-11-27","258.01"
"2007-11-28","256.1"
"2007-11-29","254.23"
"2007-11-30","253.43"
"2007-12-03","253.4"
"2007-12-04","253.08"
"2007-12-05","252.66"
"2007-12-06","252.28"
"2007-12-07","252.15"
"2007-12-10","251.68"
"2007-12-11","251.75"
"2007-12-12","252.21"
"2007-12-13","252.37"
"2007-12-14","252.99"
"2007-12-17","254.82"
"2007-12-18","254.47"
"2007-12-19","254.1"
"2007-12-20","254.22"
"2007-12-21","253.83"
"2007-12-27","254.15"
"2007-12-28","253.35"
"2008-01-02","252.95"
"2008-01-03","253.34"
"2008-01-04","254.03"
"2008-01-07","254.55"
"2008-01-08","254.45"
"2008-01-09","254.36"
"2008-01-10","254.29"
"2008-01-11","253.5"
"2008-01-14","253.63"
"2008-01-15","253.62"
"2008-01-16","255.07"
"2008-01-17","255.19"
"2008-01-18","256.86"
"2008-01-21","258.04"
"2008-01-22","259.95"
"2008-01-23","257.88"
"2008-01-24","257.95"
"2008-01-25","257.04"
"2008-01-28","258.63"
"2008-01-29","258.57"
"2008-01-30","258.05"
"2008-01-31","259.52"
"2008-02-01","258.09"
"2008-02-04","256.6"
"2008-02-05","257.73"
"2008-02-06","260.98"
"2008-02-07","263.82"
"2008-02-08","265.55"
"2008-02-11","265.92"
"2008-02-12","264.16"
"2008-02-13","262.83"
"2008-02-14","261.37"
"2008-02-15","262.16"
"2008-02-18","262.78"
"2008-02-19","263.53"
"2008-02-20","265.8"
"2008-02-21","264.5"
"2008-02-22","265.28"
"2008-02-25","263.57"
"2008-02-26","259.72"
"2008-02-27","257.33"
"2008-02-28","258.54"
"2008-02-29","262.17"
"2008-03-03","264.34"
"2008-03-04","262.59"
"2008-03-05","263.65"
"2008-03-06","262.75"
"2008-03-07","266.01"
"2008-03-10","265.21"
"2008-03-11","262.25"
"2008-03-12","259.01"
"2008-03-13","261.4"
"2008-03-14","257.26"
"2008-03-17","261.26"
"2008-03-18","258.75"
"2008-03-19","257.47"
"2008-03-20","256.87"
"2008-03-21","257.53"
"2008-03-25","256.46"
"2008-03-26","256.64"
"2008-03-27","256.05"
"2008-03-28","256.91"
"2008-03-31","259.36"
"2008-04-01","259.41"
"2008-04-02","257.78"
"2008-04-03","256.84"
"2008-04-04","257.4"
"2008-04-07","254.3"
"2008-04-08","253.63"
"2008-04-09","254.17"
"2008-04-10","253.66"
"2008-04-11","251.57"
"2008-04-14","252.36"
"2008-04-15","251.88"
"2008-04-16","252.85"
"2008-04-17","254.12"
"2008-04-18","253.75"
"2008-04-21","252.63"
"2008-04-22","252.24"
"2008-04-23","250.94"
"2008-04-24","252.23"
"2008-04-25","253.3"
"2008-04-28","252.47"
"2008-04-29","252.45"
"2008-04-30","253.43"
"2008-05-05","252.22"
"2008-05-06","252.16"
"2008-05-07","252.68"
"2008-05-08","253.17"
"2008-05-09","252.62"
"2008-05-13","249.96"
"2008-05-14","249.43"
"2008-05-15","250.2"
"2008-05-16","248.64"
"2008-05-19","247.17"
"2008-05-20","246.18"
"2008-05-21","243.6"
"2008-05-22","244.4"
"2008-05-23","245.24"
"2008-05-26","243.66"
"2008-05-27","243.81"
"2008-05-28","243.86"
"2008-05-29","241.05"
"2008-05-30","240.8"
"2008-06-02","241.56"
"2008-06-03","241.84"
"2008-06-04","242.03"
"2008-06-05","241.6"
"2008-06-06","245.1"
"2008-06-09","247.6"
"2008-06-10","247.41"
"2008-06-11","247.1"
"2008-06-12","247.38"
"2008-06-13","247.28"
"2008-06-16","247.14"
"2008-06-17","246.76"
"2008-06-18","243.94"
"2008-06-19","242.08"
"2008-06-20","239.35"
"2008-06-23","238.18"
"2008-06-24","238.57"
"2008-06-25","237.36"
"2008-06-26","235.88"
"2008-06-27","239"
"2008-06-30","237.03"
"2008-07-01","235.53"
"2008-07-02","236.48"
"2008-07-03","236.32"
"2008-07-04","233.6"
"2008-07-07","233.52"
"2008-07-08","232.55"
"2008-07-09","230.75"
"2008-07-10","230.75"
"2008-07-11","231.19"
"2008-07-14","230.31"
"2008-07-15","231.41"
"2008-07-16","232.97"
"2008-07-17","231.16"
"2008-07-18","229.11"
"2008-07-21","229.46"
"2008-07-22","229.45"
"2008-07-23","232.35"
"2008-07-24","232.65"
"2008-07-25","230.87"
"2008-07-28","231.45"
"2008-07-29","231.3"
"2008-07-30","230.39"
"2008-07-31","231.19"
"2008-08-01","233.41"
"2008-08-04","233.25"
"2008-08-05","235.22"
"2008-08-06","236.35"
"2008-08-07","235.28"
"2008-08-08","235.8"
"2008-08-11","236.13"
"2008-08-12","237.85"
"2008-08-13","236.17"
"2008-08-14","237.35"
"2008-08-15","239.3"
"2008-08-18","238.07"
"2008-08-19","236.84"
"2008-08-21","233.65"
"2008-08-22","234"
"2008-08-25","234.27"
"2008-08-26","234.48"
"2008-08-27","235.6"
"2008-08-28","237.61"
"2008-08-29","238.21"
"2008-09-01","237.73"
"2008-09-02","238.92"
"2008-09-03","238.68"
"2008-09-04","238.67"
"2008-09-05","241.99"
"2008-09-08","241.63"
"2008-09-09","239.58"
"2008-09-10","240.46"
"2008-09-11","240.25"
"2008-09-12","238.48"
"2008-09-15","240.92"
"2008-09-16","243.25"
"2008-09-17","241.64"
"2008-09-18","243.67"
"2008-09-19","240.38"
"2008-09-22","239.66"
"2008-09-23","240.26"
"2008-09-24","240"
"2008-09-25","241.16"
"2008-09-26","240.47"
"2008-09-29","242.53"
"2008-09-30","243.17"
"2008-10-01","241.52"
"2008-10-02","242.98"
"2008-10-03","245.76"
"2008-10-06","248.54"
"2008-10-07","249.73"
"2008-10-08","252.88"
"2008-10-09","249.25"
"2008-10-10","264.03"
"2008-10-13","253.27"
"2008-10-14","252.65"
"2008-10-15","266.09"
"2008-10-16","261.98"
"2008-10-17","267.35"
"2008-10-20","266.19"
"2008-10-21","271.76"
"2008-10-22","275.79"
"2008-10-27","271.9"
"2008-10-28","264.02"
"2008-10-29","255.29"
"2008-10-30","254.75"
"2008-10-31","261.1"
"2008-11-03","257.21"
"2008-11-04","260.1"
"2008-11-05","257.13"
"2008-11-06","261.44"
"2008-11-07","264.33"
"2008-11-10","266.78"
"2008-11-11","268.47"
"2008-11-12","270.77"
"2008-11-13","270.29"
"2008-11-14","271.58"
"2008-11-17","267.03"
"2008-11-18","270.03"
"2008-11-19","271.8"
"2008-11-20","272.03"
"2008-11-21","266.36"
"2008-11-24","265.48"
"2008-11-25","260.88"
"2008-11-26","260.68"
"2008-11-27","261.29"
"2008-11-28","259.59"
"2008-12-01","261.95"
"2008-12-02","260.76"
"2008-12-03","261.53"
"2008-12-04","261.06"
"2008-12-05","262.01"
"2008-12-08","263.4"
"2008-12-09","263.46"
"2008-12-10","262.76"
"2008-12-11","263.49"
"2008-12-12","263.89"
"2008-12-15","265.79"
"2008-12-16","268.57"
"2008-12-17","266.6"
"2008-12-18","267"
"2008-12-19","264.8"
"2008-12-22","265.5"
"2008-12-23","263.54"
"2008-12-29","266.61"
"2008-12-30","265.45"
"2008-12-31","264.78"
"2009-01-05","265.82"
"2009-01-06","267.42"
"2009-01-07","264.86"
"2009-01-08","270.19"
"2009-01-09","275.83"
"2009-01-12","278.7"
"2009-01-13","281.73"
"2009-01-14","277.06"
"2009-01-15","280.8"
"2009-01-16","276.41"
"2009-01-19","280.58"
"2009-01-20","285.07"
"2009-01-21","283.58"
"2009-01-22","282.42"
"2009-01-23","287.41"
"2009-01-26","286.89"
"2009-01-27","284.07"
"2009-01-28","285.78"
"2009-01-29","287.3"
"2009-01-30","294.93"
"2009-02-02","297.68"
"2009-02-03","298.73"
"2009-02-04","300"
"2009-02-05","296.44"
"2009-02-06","289.78"
"2009-02-09","290.51"
"2009-02-10","290.34"
"2009-02-11","294.39"
"2009-02-12","298.08"
"2009-02-13","298.34"
"2009-02-16","302.66"
"2009-02-17","306.13"
"2009-02-18","307.75"
"2009-02-19","300.03"
"2009-02-20","304.95"
"2009-02-23","300.81"
"2009-02-24","298.29"
"2009-02-25","298.88"
"2009-02-26","300.21"
"2009-02-27","296.54"
"2009-03-02","306.23"
"2009-03-03","306.86"
"2009-03-04","310.2"
"2009-03-05","309.54"
"2009-03-06","316"
"2009-03-09","310.83"
"2009-03-10","307.96"
"2009-03-11","300.11"
"2009-03-12","305.67"
"2009-03-13","295"
"2009-03-16","299.46"
"2009-03-17","298.11"
"2009-03-18","300.71"
"2009-03-19","298.93"
"2009-03-20","303"
"2009-03-23","303.98"
"2009-03-24","301.01"
"2009-03-25","300.88"
"2009-03-26","301.62"
"2009-03-27","303.43"
"2009-03-30","307.14"
"2009-03-31","309.22"
"2009-04-01","307.13"
"2009-04-02","299.7"
"2009-04-03","295.78"
"2009-04-06","292.83"
"2009-04-07","298.11"
"2009-04-08","297.41"
"2009-04-09","292.15"
"2009-04-10","289.1"
"2009-04-14","290.73"
"2009-04-15","289.16"
"2009-04-16","291.93"
"2009-04-17","293.9"
"2009-04-20","298.32"
"2009-04-21","299.12"
"2009-04-22","297.94"
"2009-04-23","297.2"
"2009-04-24","296.18"
"2009-04-27","295.22"
"2009-04-28","296.25"
"2009-04-29","292.02"
"2009-04-30","287.52"
"2009-05-04","287.95"
"2009-05-05","284.25"
"2009-05-06","284.47"
"2009-05-07","278.74"
"2009-05-08","278.71"
"2009-05-11","279.17"
"2009-05-12","279.56"
"2009-05-13","279.36"
"2009-05-14","287.76"
"2009-05-15","288.02"
"2009-05-18","287.13"
"2009-05-19","277.83"
"2009-05-20","276.85"
"2009-05-21","278"
"2009-05-22","278.73"
"2009-05-25","280.94"
"2009-05-26","282.6"
"2009-05-27","280.8"
"2009-05-28","285.2"
"2009-05-29","281.56"
"2009-06-02","281.78"
"2009-06-03","280.42"
"2009-06-04","286.05"
"2009-06-05","288.4"
"2009-06-08","286.94"
"2009-06-09","283.9"
"2009-06-10","278.79"
"2009-06-11","279.77"
"2009-06-12","277.3"
"2009-06-15","278.81"
"2009-06-16","280.98"
"2009-06-17","281.71"
"2009-06-18","283.63"
"2009-06-19","281.05"
"2009-06-22","278.18"
"2009-06-23","282.09"
"2009-06-24","280.66"
"2009-06-25","277.2"
"2009-06-26","275.72"
"2009-06-29","276.36"
"2009-06-30","272.43"
"2009-07-01","270.69"
"2009-07-02","269.25"
"2009-07-03","271.22"
"2009-07-06","274.35"
"2009-07-07","273.2"
"2009-07-08","278"
"2009-07-09","275.68"
"2009-07-10","276.85"
"2009-07-13","278.74"
"2009-07-14","275.37"
"2009-07-15","272.76"
"2009-07-16","274"
"2009-07-17","273.43"
"2009-07-20","273.85"
"2009-07-21","272.72"
"2009-07-22","271.83"
"2009-07-23","271.23"
"2009-07-24","267.93"
"2009-07-27","266.84"
"2009-07-28","266.15"
"2009-07-29","269.8"
"2009-07-30","268.18"
"2009-07-31","266.43"
"2009-08-03","265.71"
"2009-08-04","266.07"
"2009-08-05","266.87"
"2009-08-06","268.32"
"2009-08-07","271.87"
"2009-08-10","268.52"
"2009-08-11","269.92"
"2009-08-12","274.59"
"2009-08-13","268.63"
"2009-08-14","268.73"
"2009-08-17","274.05"
"2009-08-18","273.21"
"2009-08-19","273.68"
"2009-08-24","268.53"
"2009-08-25","268.14"
"2009-08-26","266.95"
"2009-08-27","268.91"
"2009-08-28","269.45"
"2009-08-31","272.02"
"2009-09-01","273.96"
"2009-09-02","276.32"
"2009-09-03","274.87"
"2009-09-04","274.12"
"2009-09-07","272.13"
"2009-09-08","272.01"
"2009-09-09","270.75"
"2009-09-10","272.82"
"2009-09-11","272.55"
"2009-09-14","274.81"
"2009-09-15","272.87"
"2009-09-16","270.21"
"2009-09-17","270.04"
"2009-09-18","271.35"
"2009-09-21","271.61"
"2009-09-22","271.21"
"2009-09-23","270.99"
"2009-09-24","271.05"
"2009-09-25","270.87"
"2009-09-28","269.99"
"2009-09-29","269.48"
"2009-09-30","270.36"
"2009-10-01","269.92"
"2009-10-02","270.55"
"2009-10-05","267.38"
"2009-10-06","266.73"
"2009-10-07","267.66"
"2009-10-08","270.64"
"2009-10-09","271.3"
"2009-10-12","269.83"
"2009-10-13","268.52"
"2009-10-14","267.67"
"2009-10-15","267.12"
"2009-10-16","267.65"
"2009-10-19","266.99"
"2009-10-20","265.06"
"2009-10-21","264.17"
"2009-10-22","266.31"
"2009-10-26","267.06"
"2009-10-27","268.82"
"2009-10-28","272.04"
"2009-10-29","273.83"
"2009-10-30","272.5"
"2009-11-02","275.03"
"2009-11-03","279.13"
"2009-11-04","277.18"
"2009-11-05","277.17"
"2009-11-06","274.22"
"2009-11-09","272.92"
"2009-11-10","272.14"
"2009-11-11","269.35"
"2009-11-12","270.2"
"2009-11-13","269.06"
"2009-11-16","267.67"
"2009-11-17","265.75"
"2009-11-18","265.03"
"2009-11-19","267.43"
"2009-11-20","268.93"
"2009-11-23","268.07"
"2009-11-24","268.3"
"2009-11-25","267.62"
"2009-11-26","270.45"
"2009-11-27","272.55"
"2009-11-30","272.29"
"2009-12-01","272.88"
"2009-12-02","270.31"
"2009-12-03","269.08"
"2009-12-04","269.75"
"2009-12-07","269.45"
"2009-12-08","269.63"
"2009-12-09","273.96"
"2009-12-10","274.31"
"2009-12-11","273.03"
"2009-12-14","272.45"
"2009-12-15","275.92"
"2009-12-16","277.26"
"2009-12-17","278.35"
"2009-12-18","276.58"
"2009-12-21","276.09"
"2009-12-22","273.51"
"2009-12-23","273.89"
"2009-12-28","273.23"
"2009-12-29","272.39"
"2009-12-30","271.83"
"2009-12-31","270.84"
"2010-01-04","269.5"
"2010-01-05","268.56"
"2010-01-06","269.32"
"2010-01-07","269.32"
"2010-01-08","269.15"
"2010-01-11","267.18"
"2010-01-12","267.57"
"2010-01-13","267.05"
"2010-01-14","267.05"
"2010-01-15","266.51"
"2010-01-18","267.73"
"2010-01-19","267.76"
"2010-01-20","268.35"
"2010-01-21","271.74"
"2010-01-22","271.12"
"2010-01-25","270.5"
"2010-01-26","273.43"
"2010-01-27","272.21"
"2010-01-28","271.56"
"2010-01-29","270.9"
"2010-02-01","270.71"
"2010-02-02","269.24"
"2010-02-03","269.57"
"2010-02-04","272.78"
"2010-02-05","274.13"
"2010-02-08","273.1"
"2010-02-09","272.03"
"2010-02-10","270.62"
"2010-02-11","271.34"
"2010-02-12","271.52"
"2010-02-15","272"
"2010-02-16","271.83"
"2010-02-17","271.35"
"2010-02-18","271.4"
"2010-02-19","271.48"
"2010-02-22","270.28"
"2010-02-23","269.53"
"2010-02-24","270.63"
"2010-02-25","270.1"
"2010-02-26","270.19"
"2010-03-01","269.33"
"2010-03-02","268"
"2010-03-03","266.79"
"2010-03-04","266.61"
"2010-03-05","266.79"
"2010-03-08","266.25"
"2010-03-09","267.21"
"2010-03-10","267.2"
"2010-03-11","266.82"
"2010-03-12","265.99"
"2010-03-16","264.31"
"2010-03-17","262.78"
"2010-03-18","261.6"
"2010-03-19","262.46"
"2010-03-22","264.73"
"2010-03-23","264.01"
"2010-03-24","263.69"
"2010-03-25","264.14"
"2010-03-26","264.82"
"2010-03-29","265.65"
"2010-03-30","265.35"
"2010-03-31","266.39"
"2010-04-01","264.99"
"2010-04-02","265.24"
"2010-04-06","265.48"
"2010-04-07","265.37"
"2010-04-08","268.13"
"2010-04-09","266.58"
"2010-04-12","265.21"
"2010-04-13","264.98"
"2010-04-14","263.41"
"2010-04-15","263.63"
"2010-04-16","263.17"
"2010-04-19","265.27"
"2010-04-20","265.15"
"2010-04-21","263.9"
"2010-04-22","263.55"
"2010-04-23","265.15"
"2010-04-26","262.91"
"2010-04-27","265.11"
"2010-04-28","272.32"
"2010-04-29","268.45"
"2010-04-30","266.28"
"2010-05-03","267.88"
"2010-05-04","270.75"
"2010-05-05","276.63"
"2010-05-06","277.47"
"2010-05-07","281.99"
"2010-05-10","273.68"
"2010-05-11","275.04"
"2010-05-12","273.56"
"2010-05-13","272.96"
"2010-05-14","275.01"
"2010-05-17","278.65"
"2010-05-18","277.57"
"2010-05-19","281.12"
"2010-05-20","280.12"
"2010-05-21","279.55"
"2010-05-25","281.03"
"2010-05-26","277.55"
"2010-05-27","277.01"
"2010-05-28","273.33"
"2010-05-31","275.34"
"2010-06-01","276.75"
"2010-06-02","276.3"
"2010-06-03","274.03"
"2010-06-04","281.19"
"2010-06-07","287.46"
"2010-06-08","285.28"
"2010-06-09","282.94"
"2010-06-10","282.26"
"2010-06-11","279.12"
"2010-06-14","280.2"
"2010-06-15","279.68"
"2010-06-16","279.16"
"2010-06-17","280.21"
"2010-06-18","279.71"
"2010-06-21","278.32"
"2010-06-22","279.56"
"2010-06-23","279.9"
"2010-06-24","281.38"
"2010-06-25","285.97"
"2010-06-28","283.24"
"2010-06-29","286.48"
"2010-06-30","286.46"
"2010-07-01","286.26"
"2010-07-02","284.77"
"2010-07-05","284.88"
"2010-07-06","285.28"
"2010-07-07","285.28"
"2010-07-08","282.3"
"2010-07-09","280.21"
"2010-07-12","280.25"
"2010-07-13","278.63"
"2010-07-14","277.15"
"2010-07-15","278.66"
"2010-07-16","281.1"
"2010-07-19","289.28"
"2010-07-20","290.03"
"2010-07-21","286.95"
"2010-07-22","284.46"
"2010-07-23","285.49"
"2010-07-26","287.17"
"2010-07-27","285.02"
"2010-07-28","282.48"
"2010-07-29","283.6"
"2010-07-30","284.36"
"2010-08-02","281.93"
"2010-08-03","280.68"
"2010-08-04","281.77"
"2010-08-05","281.05"
"2010-08-06","279.15"
"2010-08-09","279.48"
"2010-08-10","278.1"
"2010-08-11","281.34"
"2010-08-12","282.08"
"2010-08-13","279.78"
"2010-08-16","280.8"
"2010-08-17","279.32"
"2010-08-18","278.8"
"2010-08-19","277.23"
"2010-08-23","281.03"
"2010-08-24","284.13"
"2010-08-25","282.27"
"2010-08-26","283.02"
"2010-08-27","283.74"
"2010-08-30","283.57"
"2010-08-31","287.26"
"2010-09-01","286.36"
"2010-09-02","284.49"
"2010-09-03","284.45"
"2010-09-06","283.83"
"2010-09-07","286.69"
"2010-09-08","288.78"
"2010-09-09","286.77"
"2010-09-10","283.35"
"2010-09-13","284"
"2010-09-14","284.14"
"2010-09-15","281.71"
"2010-09-16","282.14"
"2010-09-17","282.65"
"2010-09-20","281.4"
"2010-09-21","280.48"
"2010-09-22","279.1"
"2010-09-23","280.51"
"2010-09-24","279.79"
"2010-09-27","277.41"
"2010-09-28","277.99"
"2010-09-29","276.12"
"2010-09-30","277.33"
"2010-10-01","275.8"
"2010-10-04","274.05"
"2010-10-05","273.4"
"2010-10-06","270.53"
"2010-10-07","272.32"
"2010-10-08","275.33"
"2010-10-11","274.95"
"2010-10-12","274.58"
"2010-10-13","273.28"
"2010-10-14","272.01"
"2010-10-15","274.6"
"2010-10-18","276.77"
"2010-10-19","275.9"
"2010-10-20","276.83"
"2010-10-21","275.12"
"2010-10-22","275.63"
"2010-10-25","273.94"
"2010-10-26","274.25"
"2010-10-27","275.42"
"2010-10-28","275.21"
"2010-10-29","273.69"
"2010-11-02","270.78"
"2010-11-03","271.96"
"2010-11-04","272.11"
"2010-11-05","274.69"
"2010-11-08","274.85"
"2010-11-09","274.95"
"2010-11-10","273.7"
"2010-11-11","276.28"
"2010-11-12","276.07"
"2010-11-15","276.46"
"2010-11-16","276.76"
"2010-11-17","277.38"
"2010-11-18","275.05"
"2010-11-19","274.36"
"2010-11-22","272.85"
"2010-11-23","274.46"
"2010-11-24","275.55"
"2010-11-25","276.64"
"2010-11-26","279.87"
"2010-11-29","280.45"
"2010-11-30","284.54"
"2010-12-01","280.6"
"2010-12-02","278.46"
"2010-12-03","278.44"
"2010-12-06","279.89"
"2010-12-07","278.03"
"2010-12-08","277.74"
"2010-12-09","277.75"
"2010-12-10","277.5"
"2010-12-13","278.01"
"2010-12-14","276.42"
"2010-12-15","275.71"
"2010-12-16","275.07"
"2010-12-17","273.7"
"2010-12-20","273.43"
"2010-12-21","276.05"
"2010-12-22","276.18"
"2010-12-23","275.83"
"2010-12-27","278.53"
"2010-12-28","278.96"
"2010-12-29","279.29"
"2010-12-30","279.89"
"2010-12-31","278.75"
"2011-01-03","278.85"
"2011-01-04","276.35"
"2011-01-05","276.9"
"2011-01-06","276.46"
"2011-01-07","277.11"
"2011-01-10","279.4"
"2011-01-11","278.83"
"2011-01-12","276.02"
"2011-01-13","275.26"
"2011-01-14","276"
"2011-01-17","275.48"
"2011-01-18","272.55"
"2011-01-19","272.48"
"2011-01-20","273.03"
"2011-01-21","275.33"
"2011-01-24","274.58"
"2011-01-25","275.36"
"2011-01-26","275.04"
"2011-01-27","274.27"
"2011-01-28","271.93"
"2011-01-31","273.3"
"2011-02-01","271.45"
"2011-02-02","269.34"
"2011-02-03","269.9"
"2011-02-04","270.05"
"2011-02-07","268.48"
"2011-02-08","268.21"
"2011-02-09","271.03"
"2011-02-10","272.73"
"2011-02-11","272.8"
"2011-02-14","271.88"
"2011-02-15","271.14"
"2011-02-16","270.95"
"2011-02-17","269.66"
"2011-02-18","269.65"
"2011-02-21","271.23"
"2011-02-22","272.8"
"2011-02-23","272.75"
"2011-02-24","274.28"
"2011-02-25","272.93"
"2011-02-28","272.34"
"2011-03-01","270.85"
"2011-03-02","272.38"
"2011-03-03","271.13"
"2011-03-04","272.92"
"2011-03-07","271.38"
"2011-03-08","271.09"
"2011-03-09","273.02"
"2011-03-10","272.68"
"2011-03-11","273.9"
"2011-03-16","273.92"
"2011-03-17","273.73"
"2011-03-18","273.75"
"2011-03-21","271.45"
"2011-03-22","270.35"
"2011-03-23","269.66"
"2011-03-24","268.64"
"2011-03-25","266.85"
"2011-03-28","266.8"
"2011-03-29","267.84"
"2011-03-30","267.2"
"2011-03-31","265.78"
"2011-04-01","266.26"
"2011-04-04","266.33"
"2011-04-05","265.45"
"2011-04-06","263.75"
"2011-04-07","264.35"
"2011-04-08","264.43"
"2011-04-11","264.78"
"2011-04-12","266.26"
"2011-04-13","267.07"
"2011-04-14","266.41"
"2011-04-15","267.35"
"2011-04-18","266.92"
"2011-04-19","267.53"
"2011-04-20","264.25"
"2011-04-21","264.18"
"2011-04-22","264.78"
"2011-04-26","264.68"
"2011-04-27","264.45"
"2011-04-28","263.88"
"2011-04-29","264.14"
"2011-05-02","263.88"
"2011-05-03","264.48"
"2011-05-04","265.25"
"2011-05-05","264.65"
"2011-05-06","265.43"
"2011-05-09","263.89"
"2011-05-10","264.02"
"2011-05-11","263.36"
"2011-05-12","266.24"
"2011-05-13","266.85"
"2011-05-16","268.04"
"2011-05-17","267.94"
"2011-05-18","267.54"
"2011-05-19","268.32"
"2011-05-20","266.66"
"2011-05-23","270.38"
"2011-05-24","270.09"
"2011-05-25","269.45"
"2011-05-26","268.98"
"2011-05-27","268.95"
"2011-05-30","268"
"2011-05-31","266.78"
"2011-06-01","266.56"
"2011-06-02","266.23"
"2011-06-03","265.45"
"2011-06-06","265.2"
"2011-06-07","265.16"
"2011-06-08","265.75"
"2011-06-09","265.67"
"2011-06-10","264.33"
"2011-06-14","264.75"
"2011-06-15","265.5"
"2011-06-16","267.95"
"2011-06-17","268.45"
"2011-06-20","269.21"
"2011-06-21","267.02"
"2011-06-22","267.25"
"2011-06-23","268.09"
"2011-06-24","268.43"
"2011-06-27","269.03"
"2011-06-28","268.52"
"2011-06-29","268.06"
"2011-06-30","265.61"
"2011-07-01","264.6"
"2011-07-04","264.28"
"2011-07-05","264.7"
"2011-07-06","265.06"
"2011-07-07","264.39"
"2011-07-08","262.7"
"2011-07-11","265.37"
"2011-07-12","269.39"
"2011-07-13","269.02"
"2011-07-14","268.93"
"2011-07-15","270.82"
"2011-07-18","272.24"
"2011-07-19","270.96"
"2011-07-20","270.3"
"2011-07-21","268.23"
"2011-07-22","266.53"
"2011-07-25","269.4"
"2011-07-26","267.95"
"2011-07-27","267.65"
"2011-07-28","267.26"
"2011-07-29","270.2"
"2011-08-01","267.92"
"2011-08-02","269.48"
"2011-08-03","273.36"
"2011-08-04","271.97"
"2011-08-05","273.7"
"2011-08-08","274.68"
"2011-08-09","274.93"
"2011-08-10","274.2"
"2011-08-11","274.95"
"2011-08-12","273.65"
"2011-08-15","270.8"
"2011-08-16","270.2"
"2011-08-17","270.91"
"2011-08-18","271.16"
"2011-08-19","273.72"
"2011-08-22","272.7"
"2011-08-23","271.3"
"2011-08-24","272.36"
"2011-08-25","271.6"
"2011-08-26","272.63"
"2011-08-29","272.56"
"2011-08-30","271.87"
"2011-08-31","271.28"
"2011-09-01","273.1"
"2011-09-02","275.01"
"2011-09-05","277.25"
"2011-09-06","275.77"
"2011-09-07","275.74"
"2011-09-08","275.71"
"2011-09-09","279.25"
"2011-09-12","282.48"
"2011-09-13","284.66"
"2011-09-14","286.98"
"2011-09-15","287.76"
"2011-09-16","286.49"
"2011-09-19","288.91"
"2011-09-20","291.28"
"2011-09-21","290.62"
"2011-09-22","292.15"
"2011-09-23","288.82"
"2011-09-26","289.73"
"2011-09-27","288.51"
"2011-09-28","288.01"
"2011-09-29","290.84"
"2011-09-30","292.12"
"2011-10-03","294.82"
"2011-10-04","297.91"
"2011-10-05","298.75"
"2011-10-06","295.5"
"2011-10-07","297.73"
"2011-10-10","293.33"
"2011-10-11","295.65"
"2011-10-12","293.56"
"2011-10-13","291.68"
"2011-10-14","291.39"
"2011-10-17","291.43"
"2011-10-18","298.22"
"2011-10-19","295.74"
"2011-10-20","297.11"
"2011-10-21","299.89"
"2011-10-24","297.47"
"2011-10-25","297.07"
"2011-10-26","298.63"
"2011-10-27","301.69"
"2011-10-28","300.9"
"2011-11-02","306.99"
"2011-11-03","306.05"
"2011-11-04","303.7"
"2011-11-07","307.08"
"2011-11-08","307.98"
"2011-11-09","310.65"
"2011-11-10","309.04"
"2011-11-11","312.48"
"2011-11-14","315.42"
"2011-11-15","316.23"
"2011-11-16","313.23"
"2011-11-17","313.71"
"2011-11-18","309.04"
"2011-11-21","305.8"
"2011-11-22","305.3"
"2011-11-23","307.18"
"2011-11-24","309.45"
"2011-11-25","316.24"
"2011-11-28","309.09"
"2011-11-29","309.48"
"2011-11-30","311.58"
"2011-12-01","303.43"
"2011-12-02","304.33"
"2011-12-05","301.28"
"2011-12-06","300.3"
"2011-12-07","300.05"
"2011-12-08","300.81"
"2011-12-09","306.54"
"2011-12-12","305.13"
"2011-12-13","305.13"
"2011-12-14","303.67"
"2011-12-15","303.81"
"2011-12-16","300.61"
"2011-12-19","303.65"
"2011-12-20","302.47"
"2011-12-21","301.19"
"2011-12-22","306.58"
"2011-12-23","306.68"
"2011-12-27","306.91"
"2011-12-28","306.81"
"2011-12-29","310.26"
"2011-12-30","311.13"
"2012-01-02","315.28"
"2012-01-03","315.03"
"2012-01-04","319.45"
"2012-01-05","321.93"
"2012-01-06","316.22"
"2012-01-09","313.99"
"2012-01-10","314.1"
"2012-01-11","311"
"2012-01-12","310.2"
"2012-01-13","309.3"
"2012-01-16","310.23"
"2012-01-17","310.77"
"2012-01-18","306.52"
"2012-01-19","302.74"
"2012-01-20","305.03"
"2012-01-23","303.61"
"2012-01-24","301.3"
"2012-01-25","298.6"
"2012-01-26","294.03"
"2012-01-27","294.2"
"2012-01-30","295.75"
"2012-01-31","293.7"
"2012-02-01","293.58"
"2012-02-02","292.59"
"2012-02-03","291.25"
"2012-02-06","293.01"
"2012-02-07","291.71"
"2012-02-08","289.3"
"2012-02-09","290.92"
"2012-02-10","292.43"
"2012-02-13","291.15"
"2012-02-14","291.35"
"2012-02-15","290.02"
"2012-02-16","293.8"
"2012-02-17","290.13"
"2012-02-20","288.25"
"2012-02-21","286.72"
"2012-02-22","287.16"
"2012-02-23","288.17"
"2012-02-24","288.74"
"2012-02-27","292.2"
"2012-02-28","290.38"
"2012-02-29","289.88"
"2012-03-01","287.8"
"2012-03-02","287.72"
"2012-03-05","291.83"
"2012-03-06","294.07"
"2012-03-07","294.4"
"2012-03-08","293.3"
"2012-03-09","293.93"
"2012-03-12","292.58"
"2012-03-13","293.71"
"2012-03-14","291.72"
"2012-03-19","290.2"
"2012-03-20","290.39"
"2012-03-21","290.23"
"2012-03-22","293.68"
"2012-03-23","293.5"
"2012-03-26","293.14"
"2012-03-27","290.6"
"2012-03-28","292.16"
"2012-03-29","293.04"
"2012-03-30","295.6"
"2012-04-02","293.81"
"2012-04-03","294.3"
"2012-04-04","295.03"
"2012-04-05","296.42"
"2012-04-06","295.47"
"2012-04-10","296.17"
"2012-04-11","299.21"
"2012-04-12","297.33"
"2012-04-13","297.39"
"2012-04-16","298.99"
"2012-04-17","297.89"
"2012-04-18","297.13"
"2012-04-19","297.69"
"2012-04-20","296.67"
"2012-04-23","298.67"
"2012-04-24","298.45"
"2012-04-25","292.15"
"2012-04-26","287.35"
"2012-04-27","287.63"
"2012-05-02","284.11"
"2012-05-03","283.73"
"2012-05-04","284.95"
"2012-05-07","286.8"
"2012-05-08","287.22"
"2012-05-09","288.25"
"2012-05-10","289.68"
"2012-05-11","289.36"
"2012-05-14","292.37"
"2012-05-15","292.35"
"2012-05-16","295.81"
"2012-05-17","296.15"
"2012-05-18","298.9"
"2012-05-21","297.36"
"2012-05-22","296.51"
"2012-05-23","302.06"
"2012-05-24","300.68"
"2012-05-25","299.6"
"2012-05-29","298.93"
"2012-05-30","298.86"
"2012-05-31","300.37"
"2012-06-01","304.11"
"2012-06-04","304.48"
"2012-06-05","303.1"
"2012-06-06","299.87"
"2012-06-07","297.45"
"2012-06-08","297.91"
"2012-06-11","295.02"
"2012-06-12","296.95"
"2012-06-13","297.02"
"2012-06-14","297.35"
"2012-06-15","295.85"
"2012-06-18","292.53"
"2012-06-19","289.62"
"2012-06-20","287.67"
"2012-06-21","285.17"
"2012-06-22","287.33"
"2012-06-25","287.55"
"2012-06-26","286.85"
"2012-06-27","286.08"
"2012-06-28","287.84"
"2012-06-29","288.22"
"2012-07-02","285.69"
"2012-07-03","284.82"
"2012-07-04","285.03"
"2012-07-05","286.95"
"2012-07-06","286.5"
"2012-07-09","289.35"
"2012-07-10","287.23"
"2012-07-11","287.67"
"2012-07-12","289.19"
"2012-07-13","290.02"
"2012-07-16","288.79"
"2012-07-17","287.55"
"2012-07-18","285.9"
"2012-07-19","284.6"
"2012-07-20","284.76"
"2012-07-23","287.84"
"2012-07-24","287.82"
"2012-07-25","289.28"
"2012-07-26","287.53"
"2012-07-27","284.44"
"2012-07-30","281.57"
"2012-07-31","278.73"
"2012-08-01","280.44"
"2012-08-02","280.65"
"2012-08-03","278.7"
"2012-08-06","276.7"
"2012-08-07","277.06"
"2012-08-08","277.95"
"2012-08-09","277.21"
"2012-08-10","278.05"
"2012-08-13","278.72"
"2012-08-14","279.01"
"2012-08-15","279.05"
"2012-08-16","278.43"
"2012-08-17","278.25"
"2012-08-21","276.07"
"2012-08-22","276.58"
"2012-08-23","276.45"
"2012-08-24","278.23"
"2012-08-27","277.55"
"2012-08-28","278.28"
"2012-08-29","282.78"
"2012-08-30","284.58"
"2012-08-31","283.52"
"2012-09-03","285.12"
"2012-09-04","284.15"
"2012-09-05","285.15"
"2012-09-06","284.21"
"2012-09-07","287.79"
"2012-09-10","285.03"
"2012-09-11","284.57"
"2012-09-12","281.9"
"2012-09-13","284.02"
"2012-09-14","281.44"
"2012-09-17","282.8"
"2012-09-18","284.27"
"2012-09-19","283.65"
"2012-09-20","284.29"
"2012-09-21","281.94"
"2012-09-24","283.52"
"2012-09-25","283.2"
"2012-09-26","285.36"
"2012-09-27","285.22"
"2012-09-28","283.71"
"2012-10-01","284.86"
"2012-10-02","285.85"
"2012-10-03","286.02"
"2012-10-04","285.97"
"2012-10-05","282.75"
"2012-10-08","284.21"
"2012-10-09","283.82"
"2012-10-10","282.81"
"2012-10-11","282.53"
"2012-10-12","281.29"
"2012-10-15","278.99"
"2012-10-16","278.42"
"2012-10-17","279.25"
"2012-10-18","276.95"
"2012-10-19","278.88"
"2012-10-24","281.13"
"2012-10-25","279.48"
"2012-10-26","281.97"
"2012-10-29","283.04"
"2012-10-30","284.58"
"2012-10-31","283.55"
"2012-11-05","282.13"
"2012-11-06","282.61"
"2012-11-07","281.42"
"2012-11-08","284.2"
"2012-11-09","283.9"
"2012-11-12","283.44"
"2012-11-13","284.74"
"2012-11-14","284.91"
"2012-11-15","285.46"
"2012-11-16","284.58"
"2012-11-19","284.13"
"2012-11-20","281.81"
"2012-11-21","281.17"
"2012-11-22","279.42"
"2012-11-23","280.29"
"2012-11-26","282.04"
"2012-11-27","281.51"
"2012-11-28","281.17"
"2012-11-29","279.13"
"2012-11-30","280.35"
"2012-12-03","281.55"
"2012-12-04","281.87"
"2012-12-05","282.77"
"2012-12-06","282.88"
"2012-12-07","283.3"
"2012-12-10","283.6"
"2012-12-11","282.48"
"2012-12-12","282.56"
"2012-12-13","283.4"
"2012-12-14","283.79"
"2012-12-17","284.3"
"2012-12-18","288.12"
"2012-12-19","287.5"
"2012-12-20","286.1"
"2012-12-21","286.6"
"2012-12-27","293.44"
"2012-12-28","291.29"
"2013-01-02","292.96"
"2013-01-03","291.21"
"2013-01-04","290.96"
"2013-01-07","291.05"
"2013-01-08","292.49"
"2013-01-09","291.55"
"2013-01-10","289.78"
"2013-01-11","295.37"
"2013-01-14","297.43"
"2013-01-15","293.75"
"2013-01-16","295.22"
"2013-01-17","292.23"
"2013-01-18","292.79"
"2013-01-21","292.66"
"2013-01-22","293.55"
"2013-01-23","294.19"
"2013-01-24","294.91"
"2013-01-25","297.34"
"2013-01-28","297.11"
"2013-01-29","297.42"
"2013-01-30","295.1"
"2013-01-31","292.4"
"2013-02-01","292.36"
"2013-02-04","292.27"
"2013-02-05","292.68"
"2013-02-06","293.72"
"2013-02-07","294.11"
"2013-02-08","292.49"
"2013-02-11","291.16"
"2013-02-12","291.91"
"2013-02-13","289.96"
"2013-02-14","292.39"
"2013-02-15","292.13"
"2013-02-18","291.86"
"2013-02-19","290.85"
"2013-02-20","290.76"
"2013-02-21","292.65"
"2013-02-22","292.81"
"2013-02-25","294.17"
"2013-02-26","293.77"
"2013-02-27","296.25"
"2013-02-28","296.25"
"2013-03-01","295.11"
"2013-03-04","296.72"
"2013-03-05","298.31"
"2013-03-06","299.67"
"2013-03-07","299.18"
"2013-03-08","298.3"
"2013-03-11","302.41"
"2013-03-12","305.17"
"2013-03-13","307.3"
"2013-03-14","305.52"
"2013-03-18","307.56"
"2013-03-19","305.4"
"2013-03-20","304.1"
"2013-03-21","305.03"
"2013-03-22","307.85"
"2013-03-25","305.7"
"2013-03-26","305.94"
"2013-03-27","303.95"
"2013-03-28","304.61"
"2013-03-29","304.3"
"2013-04-02","302.51"
"2013-04-03","300.9"
"2013-04-04","302.49"
"2013-04-05","300.78"
"2013-04-08","297.28"
"2013-04-09","296.95"
"2013-04-10","296.62"
"2013-04-11","296.7"
"2013-04-12","296.41"
"2013-04-15","295"
"2013-04-16","295.25"
"2013-04-17","293.95"
"2013-04-18","297.23"
"2013-04-19","298.89"
"2013-04-22","298.82"
"2013-04-23","300.64"
"2013-04-24","299.59"
"2013-04-25","301.65"
"2013-04-26","301.39"
"2013-04-29","301.05"
"2013-04-30","300.03"
"2013-05-02","297.9"
"2013-05-03","295.83"
"2013-05-06","296.1"
"2013-05-07","297.27"
"2013-05-08","294.01"
"2013-05-09","293.07"
"2013-05-10","292.74"
"2013-05-13","293.74"
"2013-05-14","295.51"
"2013-05-15","291.94"
"2013-05-16","291.5"
"2013-05-17","291.78"
"2013-05-21","290.39"
"2013-05-22","289.03"
"2013-05-23","292.08"
"2013-05-24","290.33"
"2013-05-27","289.11"
"2013-05-28","289.09"
"2013-05-29","288.15"
"2013-05-30","289.38"
"2013-05-31","296.63"
"2013-06-03","296.02"
"2013-06-04","292.92"
"2013-06-05","293.65"
"2013-06-06","296.71"
"2013-06-07","296.81"
"2013-06-10","297.1"
"2013-06-11","300.22"
"2013-06-12","297.15"
"2013-06-13","295.83"
"2013-06-14","291.37"
"2013-06-17","291.07"
"2013-06-18","291.34"
"2013-06-19","294"
"2013-06-20","298.94"
"2013-06-21","298.66"
"2013-06-24","300.33"
"2013-06-25","296.43"
"2013-06-26","297.42"
"2013-06-27","295.51"
"2013-06-28","295.16"
"2013-07-01","294.43"
"2013-07-02","293.8"
"2013-07-03","294.65"
"2013-07-04","295"
"2013-07-05","294.47"
"2013-07-08","295.08"
"2013-07-09","293.83"
"2013-07-10","293.32"
"2013-07-11","293.34"
"2013-07-12","292.38"
"2013-07-15","291.55"
"2013-07-16","292.46"
"2013-07-17","293.51"
"2013-07-18","294.3"
"2013-07-19","295.21"
"2013-07-22","294.54"
"2013-07-23","294.95"
"2013-07-24","296.9"
"2013-07-25","296.45"
"2013-07-26","296.58"
"2013-07-29","297.75"
"2013-07-30","299.29"
"2013-07-31","300.05"
"2013-08-01","299.54"
"2013-08-02","300.54"
"2013-08-05","298.68"
"2013-08-06","298.93"
"2013-08-07","299.76"
"2013-08-08","299.13"
"2013-08-09","297.75"
"2013-08-12","297.46"
"2013-08-13","298.8"
"2013-08-14","299.05"
"2013-08-15","298.96"
"2013-08-16","299.31"
"2013-08-21","300.14"
"2013-08-22","300.12"
"2013-08-23","298.3"
"2013-08-26","298.4"
"2013-08-27","299.74"
"2013-08-28","301.39"
"2013-08-29","300.6"
"2013-08-30","300.56"
"2013-09-02","299.91"
"2013-09-03","301.07"
"2013-09-04","301.33"
"2013-09-05","301.59"
"2013-09-06","301.26"
"2013-09-09","300.55"
"2013-09-10","299.75"
"2013-09-11","299.03"
"2013-09-12","301.17"
"2013-09-13","300.8"
"2013-09-16","299.14"
"2013-09-17","299.24"
"2013-09-18","298.04"
"2013-09-19","296.05"
"2013-09-20","298.4"
"2013-09-23","298.38"
"2013-09-24","299.28"
"2013-09-25","300.08"
"2013-09-26","299.75"
"2013-09-27","299.9"
"2013-09-30","298.48"
"2013-10-01","296.27"
"2013-10-02","297.02"
"2013-10-03","296.04"
"2013-10-04","296.9"
"2013-10-07","296.84"
"2013-10-08","295.43"
